index,start,end,duration,text,发言玩家,发言轮次,Uid,身份,阵营,player 1,player 2,player 3,player 4,player 5,player 6,player 7,player 8,player 9,player 10,player 11,player 12
492,1018.6,1019.28,0.68,第一夜,0,0,,,,,,,,,,,,,,,
493,1019.28,1021.32,2.04,混人、刀人、救人、毒人，验人、开枪状态信息,0,0,,,,,验9，金水,首刀，自刀,,,混7，好人混,,刀3,,刀3,刀3,救3
494,1021.32,1022.92,1.6,上警信息,0,0,,,,1,1,1,1,,1,,1,1,1,,1
,,,,第一夜信息结束,0,,,,,,,,,,,,,,,,
499,1042.839,1044.039,1.2,反正小师赛呢,6,1,,,,,,,,,,,,,,,
500,1044.039,1046.799,2.76,我是让那个工作人员是买了个新的骰子啊,6,1,,,,,,,,,,,,,,,
501,1046.799,1049.119,2.32,我不知道那个辉少会不会选择大人赛,6,1,,,,,,,,,,,,,,,
502,1049.119,1050.3,1.181,重新买一个,6,1,,,,,,,,,跳预言家,,,,验10，查杀,,
503,1050.3,1052.08,1.78,然后验了10号玩家是个狼啊,6,1,,,,,,,,,,,,,,,
504,1052.08,1053.9,1.82,奔着金水验的也开牌,6,1,,,,,,,,,,,,,,,
505,1053.9,1056.18,2.28,10号玩家的确是对着我笑了一下,6,1,,,,,,,,,,,,,,,
506,1056.18,1059.42,3.24,我说反正看起来当时觉得是挺挺挺轻松,6,1,,,,,,,,,,,,,,,
507,1059.42,1060.4,0.98,状态挺轻松的,6,1,,,,,,,,,,,,,,,
508,1060.4,1061.58,1.18,所以的确是奔着好人验的,6,1,,,,,,,,,,,,,,,
509,1061.58,1063.01,1.43,但验出来是个狼,6,1,,,,,,,,,,,,,,,
510,1063.01,1064.91,1.9,那没办法对吧,6,1,,,,,,,,,,,,,,,
511,1064.91,1066.81,1.9,然后警徽流警下五七十一,6,1,,,,,,,,,,,,,,,
512,1066.81,1068.05,1.24,我就验个11号玩家呗,6,1,,,,,,,,,,,,,,警徽流1,
513,1068.05,1069.59,1.54,11号玩家属于牌还没发呢,6,1,,,,,,,,,,,,,,,
514,1069.59,1070.25,0.66,还没充呢,6,1,,,,,,,,,,,,,,,
515,1070.25,1073,2.75,咱们那个呃就是自我介绍环节,6,1,,,,,,,,,,,,,,,
516,1073,1074.84,1.84,就已经对我比了个狼的姿势了,6,1,,,,,,,,,,,,,,,
517,1075.96,1078.88,2.92,希望本局如果你是好人嗯,6,1,,,,,,警徽流2,,,,,,警徽流3,,,
518,1078.88,1081.22,2.34,不要对我带有成见,6,1,,,,,,,,,,,,,,,
519,1081.22,1083.3,2.08,我觉得你对我防守性非常之重,6,1,,,,,,,,,,,,,,,
520,1083.3,1085.6,2.3,因为那次有一次我拿了个呃,6,1,,,,,,,,,,,,,,,
521,1085.6,1086.32,0.72,吃了个预言家,6,1,,,,,,,,,,,,,,,
522,1086.32,1088.76,2.44,那个金水的混子嘛对吧,6,1,,,,,,,,,,,,,,,
523,1088.76,1089.32,0.56,被你毒了,6,1,,,,,,,,,,,,,,,
524,1089.32,1090.54,1.22,所以我印象比较深,6,1,,,,,,,,,,,,,,,
525,1090.54,1092.9,2.36,然后我就验下11警下五跟七,6,1,,,,,,,,,,,,,,,
526,1092.9,1093.88,0.98,我就看投票呗,6,1,,,,,,,,,,,,,,,
527,1093.88,1095.1,1.22,五跟七看投票呗,6,1,,,,,,,,,,,,,,,
528,1095.1,1097,1.9,假设10号像不远地起跳的话,6,1,,,,,,,,,,,,,,,
529,1097,1098.9,1.9,我就警上压两张五呃,6,1,,,,,,,,,,,,,,,
530,1098.9,1103.01,4.11,十一三十一三十一十139好吧,6,1,,,,,,,,,,,,,,,
531,1103.01,1105.21,2.2,十139的警徽流啊,6,1,,,,,,,,,,,,,,,
532,1105.21,1107.39,2.18,也有可能他不起不原地起跳,6,1,,,,,,,,,,,,,,,
533,1107.39,1108.81,1.42,比如三九里面有一张牌跳,6,1,,,,,,,,,,,,,,,
534,1108.81,1109.41,0.6,这说不准,6,1,,,,,,,,,,,,,,,
535,1109.41,1112.65,3.24,所以我就严谨点加三张好验了,6,1,,,,,,,,,,,,,,,
536,1112.65,1115.12,2.47,12是个狼呃,6,1,,,,,,,,,,,,,,,
537,1115.12,1117.08,1.96,其他好像没有什么太多说的,6,1,,,,,,,,,,,,,,,
539,1121.62,1122.92,1.3,警徽流10号啊,4,2,,,,,,,跳预言家,,,,,,警徽流1,,
540,1122.92,1124.18,1.26,我验的八金水,4,2,,,,,,,,,,,验8，金水,,,,
541,1124.18,1125.96,1.78,我看了2号八号都不是平民,4,2,,,,,,,,,,,,,,,
542,1125.96,1128.59,2.63,然后二八里面选验的一个嗯,4,2,,,,,,,,,,,,,,,
543,1128.59,1130.55,1.96,为什么验10号,4,2,,,,,,,,,,,,,,,
544,1130.55,1133.11,2.56,因为这个夜间实在是太长了啊,4,2,,,,,,,,,,,,,,,
545,1133.11,1135.74,2.63,我觉得可能这个事情没有那么的简单,4,2,,,,,,,,,,,,,,,
546,1135.74,1138.98,3.24,10号玩家拿狼在粤小的那个桌子上,4,2,,,,,,,,,,,,,,,
547,1138.98,1141.4,2.42,反正是十把勾九把对吧,4,2,,,,,,,,,,,,,,,
548,1141.4,1144.48,3.08,那很有可能有一个这么反向的,4,2,,,,,,,,,,,,,,,
549,1144.48,1146.48,2,这种做身份的意识,4,2,,,,,,,,,,,,,,,
550,1146.48,1148.4,1.92,我没觉得六是混子啊,4,2,,,,,,,,,,,,,,,
551,1148.4,1150.69,2.29,六肯定是悍跳啊,4,2,,,,,,,,,悍跳,,,,,,
552,1150.69,1152.85,2.16,所以那个先留个10号吧,4,2,,,,,,,,,,,,警徽流2,,,
553,1152.85,1155.25,2.4,留个10号留个留个10号,4,2,,,,,,,,,,,,,,,
554,1155.25,1157.62,2.37,留个9号吧啊10号九号顺眼,4,2,,,,,,,,,,,,,,,
555,1157.62,1159.86,2.24,警徽警徽比较危险,4,2,,,,,,,,,,,,,,,
556,1159.86,1162.38,2.52,我感觉这个警徽可能是比较危险了,4,2,,,,,,,,,,,,,,,
557,1162.38,1165.9,3.52,啧井下我感觉这三个人里面就一个好人啊,4,2,,,,,,,,,,,,,,,
558,1165.9,1167.679,1.779,就一个好人啊,4,2,,,,,,,,,,,,,,,
559,1167.679,1169.239,1.56,其他没有什么太多的分析了好吧,4,2,,,,,,,,,,,,,,,
560,1169.239,1170.759,1.52,后置位开始依次交边啊,4,2,,,,,,,,,,,,,,,
561,1170.759,1171.759,1,依次交边啊,4,2,,,,,,,,,,,,,,,
562,1171.759,1172.559,0.8,不要说再听听,4,2,,,,,,,,,,,,,,,
563,1172.559,1174.519,1.96,不要说不知道把边教的明确一点啊,4,2,,,,,,,,,,,,,,,
565,1180.06,1181.16,1.1,灿发言啊,3,3,,,,,,,,,,,,,,,
566,1181.16,1183.47,2.31,我是好人牌啊,3,3,,,,,,,,,,,,,,,
567,1183.47,1185.79,2.32,这个现在这个交边,3,3,,,,,,,,,,,,,,,
568,1185.79,1189.39,3.6,主要是得取决于10号是什么身份对吧,3,3,,,,,,,,,,,,,,,
569,1189.39,1190.77,1.38,我现在就交边,3,3,,,,,,,,,,,,,,,
570,1190.77,1192.719,1.949,万一我站错边多丑陋啊,3,3,,,,,,,,,,,,,,,
571,1192.719,1196.099,3.38,所以我这个位置得听听人家10号牌是什么身份,3,3,,,,,,,,,,,,,,,
572,1196.099,1199.149,3.05,万一人是破平民就再说了,3,3,,,,,,,,,,,,,,,
573,1199.149,1200.489,1.34,那要不万一人是女巫,3,3,,,,,,,,,,,,,,,
574,1200.489,1201.309,0.82,我肯定占你,3,3,,,,,,,,,,,,,,,
575,1201.309,1202.309,1,绝对占你,3,3,,,,,,,,,,,,,,,
576,1203.25,1204.75,1.5,你跟六打,3,3,,,,,,,,,,,,,,,
577,1204.75,1206.69,1.94,你如沐春风狼啊,3,3,,,,,,,,,,,,,,,
578,1206.69,1208.01,1.32,那能打过吗,3,3,,,,,,,,,,,,,,,
579,1208.01,1209.05,1.04,我听听吧,3,3,,,,,,,,,,,,,,,
580,1209.05,1212.09,3.04,我看看我看看我这位置主要是这个位置,3,3,,,,,,,,,,,,,,,
581,1212.09,1213.93,1.84,现在马上就交边,3,3,,,,,,,,,,,,,,,
582,1213.93,1214.45,0.52,我属实,3,3,,,,,,,,,,,,,,,
583,1214.45,1215.87,1.42,有点现在有点懵了,3,3,,,,,,,,,,,,,,,
584,1215.87,1217.67,1.8,嗯这个我没想到,3,3,,,,,,,,,,,,,,,
585,1217.67,1219.53,1.86,我以为警上我先发言,3,3,,,,,,,,,,,,,,,
586,1219.53,1221.33,1.8,应该不会有沾边的可能性,3,3,,,,,,,,,,,,,,,
587,1221.33,1223.27,1.94,没想到这个四六起来了,3,3,,,,,,,,,,,,,,,
588,1223.27,1224.99,1.72,这个位置46起来,3,3,,,,,,,,,,,,,,,
589,1224.99,1227.17,2.18,现在确实是着着实分不清楚,3,3,,,,,,,,,,,,,,,
590,1227.17,1230.53,3.36,也不知道这是是什么什么混子呀,3,3,,,,,,,,,,,,,,,
591,1230.53,1231.71,1.18,什么预言家呀,3,3,,,,,,,,,,,,,,,
592,1231.71,1232.61,0.9,什么这种情况,3,3,,,,,,,,,,,,,,,
593,1232.61,1234.37,1.76,所以我就打算先过麦了,3,3,,,,,,,,,,,,,,,
594,1234.37,1235.17,0.8,再再听一听,3,3,,,,,,,,,,,,,,,
595,1235.17,1236.27,1.1,我过了啊,3,3,,,,,,,,,,,,,,,
597,1239.25,1239.87,0.62,嘶,2,4,,,,,跳预言家,,,,,,,,,,
598,1239.87,1241.49,1.62,四说一次交边,2,4,,,,,,,,,,,,,,,
599,1241.49,1242.65,1.16,我肯定交我自己,2,4,,,,,,,,,,,,,,,
600,1242.65,1244.83,2.18,因为我验了9号玩家是个金水啊,2,4,,,,,,,,,,,,验9，金水,,,
601,1244.83,1247.49,2.66,警徽流就51顺验7号玩家,2,4,,,,,,,,警徽流1,,,,,,警徽流2,
602,1247.49,1249.56,2.07,虽然5号玩家也可以看上票嘛,2,4,,,,,,,,,,,,,,,
603,1249.56,1251.88,2.32,然后我不希望7号玩家一会一投,2,4,,,,,,,,,,,,,,,
604,1251.88,1253.639,1.759,又是投在四六里的牌,2,4,,,,,,,,,,,,,,,
605,1253.639,1255.439,1.8,就是有点伤感情了,2,4,,,,,,,,,,,,,,,
606,1255.439,1258.839,3.4,这就是然后验了九是个金水啊,2,4,,,,,,,,,,,,,,,
607,1258.839,1262.52,3.681,然后那个6号玩家呢给十发的是查杀,2,4,,,,,,,,,,,,,,,
608,1262.52,1265.52,3,然后但是我觉得6号玩家开口的时候,2,4,,,,,,,,,,,,,,,
609,1265.52,1269.13,3.61,又没有那么想要去起跳的感觉,2,4,,,,,,,,,,,,,,,
610,1269.13,1271.27,2.14,我不是很想认真跳,2,4,,,,,,,,,,,,,,,
611,1271.27,1272.89,1.62,我觉得发言没有可能是,2,4,,,,,,,,,,,,,,,
612,1272.89,1274.45,1.56,因为第一个发言没有那么完整,2,4,,,,,,,,,,,,,,,
613,1274.45,1275.33,0.88,所以我会看一下,2,4,,,,,,,,,,,,,,,
614,1275.33,1278.48,3.15,因为4号玩家平时玉女猎白混的板子,2,4,,,,,,,,,,,,,,,
615,1278.48,1282.12,3.64,大多数他都会选择先去发一个身份定义对吧,2,4,,,,,,,,,,,,,,,
616,1282.12,1285.559,3.439,所以我会先看一下四六是哪张牌退水,2,4,,,,,,,,,,,,,,,
617,1285.559,1287.8,2.241,我不相信四六是两张平民牌,2,4,,,,,,,不是平民,,不是平民,,,,,,
618,1287.8,1289.48,1.68,你说在前面做什么,2,4,,,,,,,,,,,,,,,
619,1289.48,1290.96,1.48,肯定是有狼人的啊,2,4,,,,,,,,,,,,,,,
620,1290.96,1292.46,1.5,所以我看一下嗯,2,4,,,,,,,,,,,,,,,
621,1292.46,1294.86,2.4,但是因为六毕竟问十要了身份,2,4,,,,,,,,,不太好,,,,,,
622,1294.86,1296.54,1.68,所以肯定也不太好嘛对吧,2,4,,,,,,,,,,,,,,,
623,1296.54,1299.62,3.08,所以我先看看他俩肯定会有一张牌退水的,2,4,,,,,,,,,,,,,,,
624,1299.62,1301.06,1.44,然后我验了九是个金水,2,4,,,,,,,,,,,,,,,
625,1301.06,1302.42,1.36,就五和11验,2,4,,,,,,,,,,,,,,,
626,1302.42,1303.72,1.3,你看因为一号玩家,2,4,,,,,,,,,,,,,,,
627,1303.72,1306,2.28,包括12号玩家后面都可以交边的,2,4,,,,,,,,,,,,,,,
628,1306,1307.52,1.52,然后七也可以看投票,2,4,,,,,,,,,,,,,,,
629,1307.52,1309.14,1.62,3号玩家呢就划过,2,4,,,,,,,,,,,,,,,
630,1309.14,1311.32,2.18,他没有给四六里身份定义,2,4,,,,,,,,,,,,,,,
631,1311.32,1313.34,2.02,所以我警徽流就压警下了,2,4,,,,,,,,,,,,,,,
632,1313.34,1316.1,2.76,四呢是给8号玩家发的金水嘛对吗,2,4,,,,,,,,,,,,,,,
633,1316.1,1317.42,1.32,如果8号玩家是独立的好人,2,4,,,,,,,,,,,,,,,
634,1317.42,1318.84,1.42,你也可以独立的参考,2,4,,,,,,,,,,,,,,,
635,1318.84,1320.62,1.78,因为你们也没有什么羁绊对吧,2,4,,,,,,,,,,,,,,,
636,1320.62,1322.16,1.54,除非你底牌是狼人啊,2,4,,,,,,,,,,,,,,,
637,1322.16,1323.51,1.35,我警上大概是这样,2,4,,,,,,,,,,,,,,,
638,1323.51,1326.67,3.16,然后10号玩家你愿意给10号六号玩家交的话,2,4,,,,,,,,,,,,,,,
639,1326.67,1327.19,0.52,也可以交,2,4,,,,,,,,,,,,,,,
640,1327.19,1329.4,2.21,就怕你交完他直接退水了哦,2,4,,,,,,,,,,,,,,,
641,1329.4,1331.24,1.84,所以你可以把自己的言发好,2,4,,,,,,,,,,,,,,,
642,1331.24,1333,1.76,因为本局游戏我是预言家啊,2,4,,,,,,,,,,,,,,,
643,1333,1335.19,2.19,九金水51顺验过了,2,4,,,,,,,,,,,,,,,
645,1339.24,1340.8,1.56,让依次交边,1,5,,,,,,,,,,,,,,,
646,1340.8,1342.26,1.46,不是让依次起跳,1,5,,,,,,,,,,,,,,,
647,1343.78,1345.04,1.26,两个就很难分了,1,5,,,,,,,,,,,,,,,
648,1345.04,1348.23,3.19,这一下三个更是让人一筹莫展,1,5,,,,,,,,,,,,,,,
649,1348.73,1350.33,1.6,3号玩家感觉听着像混子,1,5,,,,,,混子,,,,,,,,,
650,1351.33,1352.49,1.16,想看一下大哥的表态,1,5,,,,,,,,,,,,,,,
651,1352.49,1353.59,1.1,选择站哪个边,1,5,,,,,,,,,,,,,,,
652,1353.59,1354.93,1.34,因为3号玩家拿了牌以后,1,5,,,,,,,,,,,,,,,
653,1354.93,1357.019,2.089,我觉得是张有身份的牌嗯,1,5,,,,,,,,,,,,,,,
654,1357.019,1358.759,1.74,我本来单听462张牌,1,5,,,,,,,,,,,,,,,
655,1358.759,1360.179,1.42,我觉得六像四不像,1,5,,,,,,,不像预言家,,像预言家,,,,,,
656,1360.179,1363.66,3.481,然后我觉得四在开拍之前,1,5,,,,,,,,,,,,,,,
657,1363.66,1364.74,1.08,我觉得他是有身份的,1,5,,,,,,,,,,,,,,,
658,1364.74,1365.88,1.14,不是很像好人牌,1,5,,,,,,,,,,,,,,,
659,1365.88,1367.54,1.66,但是2号牌的判断在前置位,1,5,,,,,,,,,,,,,,,
660,1367.54,1368.3,0.76,两张牌起跳之后,1,5,,,,,,,,,,,,,,,
661,1368.3,1369.62,1.32,他能把六摘掉,1,5,,,,,,,,,,,,,,,
662,1369.62,1371.06,1.44,说六是张好人,1,5,,,,,,,,,,,,,,,
663,1371.06,1373.18,2.12,那我是认可六可能是张好人,1,5,,,,,,,,,,,,,,,
664,1373.18,1375.38,2.2,那看六最后退不退水嘛对吧,1,5,,,,,,,,,,,,,,,
665,1375.38,1376.72,1.34,六是给十发查杀的,1,5,,,,,,,,,,,,,,,
666,1376.72,1377.76,1.04,4号牌,1,5,,,,,,,,,,,,,,,
667,1377.76,1379.72,1.96,我说实话我听完到最后,1,5,,,,,,,,,,,,,,,
668,1379.72,1381.92,2.2,我甚至都忘了他验的是谁了,1,5,,,,,,,,,,,,,,,
669,1381.92,1384.96,3.04,就他表达的过于潦草嗯,1,5,,,,,,,,,,,,,,,
670,1384.96,1388.02,3.06,然后警徽流留的也觉得一般,1,5,,,,,,,,,,,,,,,
671,1388.02,1390.73,2.71,然后当时6号牌说的嗯,1,5,,,,,,,,,,,,,,,
672,1390.73,1391.97,1.24,发言很完整,1,5,,,,,,,,,,,,,,,
673,1391.97,1393.45,1.48,说十一十号是查杀,1,5,,,,,,,,,,,,,,,
674,1393.45,1398.61,5.16,然后警徽流第一张留警下的11号有理有据,1,5,,,,,,,,,,,,,,,
675,1398.61,1400.07,1.46,因为五七可以看投票,1,5,,,,,,,,,,,,,,,
676,1400.07,1402.29,2.22,11号在警下留警徽流,1,5,,,,,,,,,,,,,,,
677,1402.29,1403.31,1.02,我觉得非常合理,1,5,,,,,,,,,,,,,,,
678,1403.31,1406.02,2.71,然后紧接着留的是补了一张三九,1,5,,,,,,,,,,,,,,,
679,1406.02,1408.3,2.28,然后我观察了下三九的表情反馈,1,5,,,,,,,,,,,,,,,
680,1408.3,1409.76,1.46,我觉得九有点像狼,1,5,,,,,,表情微妙,,,,,,像狼,,,
681,1409.76,1411.64,1.88,然后3号的表情也很微妙,1,5,,,,,,,,,,,,,,,
682,1411.64,1413.15,1.51,所以我觉得这个,1,5,,,,,,,,,,,,,,,
683,1413.15,1416.39,3.24,当时我甚至判断6号牌是不是直接点到了三九,1,5,,,,,,,,,,,,,,,
684,1416.39,1418.09,1.7,十十一四张牌,1,5,,,,,,,,,,,,,,,
685,1418.09,1420.69,2.6,所以当时我对6号的认可度非常高啊,1,5,,,,,,,,,认可度高,,,,,,
686,1420.69,1424.48,3.79,然后4号牌呢我当时认为是张起跳牌嗯,1,5,,,,,,,,,,,,,,,
687,1425.52,1426.76,1.24,我有两个基点去判断,1,5,,,,,,,,,,,,,,,
688,1426.76,1428.36,1.6,我觉得4号牌是张狼人牌,1,5,,,,,,,狼人,,,,,,,,
689,1428.36,1429.48,1.12,我还没有聊二啊,1,5,,,,,,,,,,,,,,,
690,1429.48,1431.42,1.94,因为二的发言太短暂了,1,5,,,,,,,,,,,,,,,
691,1431.42,1432.72,1.3,他刚发完言就到我了,1,5,,,,,,,,,,,,,,,
692,1432.72,1435.08,2.36,我觉得二对六的认可我是觉得可以接受,1,5,,,,,,,,,,,,,,,
693,1435.08,1436.909,1.829,那要看六自己退不退水嘛,1,5,,,,,,,,,,,,,,,
694,1436.909,1438.709,1.8,呃我认为4号牌是狼人牌,1,5,,,,,,,,,,,,,,,
695,1438.709,1440.469,1.76,还有一个基点是因为昨天晚上女巫吃刀,1,5,,,,,,,,,,,,,,,
696,1440.469,1441.329,0.86,我吃毒了,1,5,,,,跳吃毒猎人，说女巫首页吃刀,,,,,,,,,,,
697,1441.329,1444.159,2.83,所以我认为在这个环节上,1,5,,,,,,,,,,,,,,,
698,1444.159,1446.93,2.771,4号动刀的可能性很大呃,1,5,,,,,,,,,,,,,,,
699,1446.93,1449.49,2.56,呃262张牌如果能形成代跳的话,1,5,,,,,,,,,,,,,,,
700,1449.49,1450.57,1.08,觉得好人还有机会,1,5,,,,,,,,,,,,,,,
701,1450.57,1451.99,1.42,如果形成不了代跳的话,1,5,,,,,,,,,,,,,,,
702,1451.99,1453.4,1.41,那局势就非常被动,1,5,,,,,,,,,,,,,,,
703,1453.4,1454.8,1.4,4号牌这么久没玩了,1,5,,,,,,,,,,,,,,,
704,1454.8,1458.28,3.48,我原来只是认为4号牌当好人找狼非常强,1,5,,,,,,,,,,,,,,,
705,1458.28,1461.02,2.74,但是4号牌现在感觉刀女巫的能力很强了,1,5,,,,,,,,,,,,,,,
706,1461.02,1463.24,2.22,嗯4号牌又做出了这种惊讶的表情,1,5,,,,,,,,,,,,,,,
707,1463.24,1464.12,0.88,因为我吃毒了呀,1,5,,,,,,,,,,,,,,,
708,1464.12,1464.8,0.68,我是知道的,1,5,,,,,,,,,,,,,,,
709,1464.8,1467,2.2,所以这一局如果R6有配合的话,1,5,,,,,,,,,,,,,,,
710,1467,1468.28,1.28,希望二六可以配合一下,1,5,,,,,,,,,,,,,,,
711,1468.28,1470.32,2.04,嗯我从这个表现来看哦,1,5,,,,,,,,,,,,,,,
712,1470.32,1472.67,2.35,4号牌退水二六对跳的话,1,5,,,,,,,,,,,,,,,
713,1472.67,1474.15,1.48,二对六是有包容的,1,5,,,,,,,,,,,,,,,
714,1474.15,1476.92,2.77,那我要再听一圈发言好吧,1,5,,,,,,,,,,,,,,,
715,1476.92,1479.14,2.22,我要听6号牌6号牌的评价,1,5,,,,,,,,,,,,,,,
716,1479.14,1481.98,2.84,但是如果单独六真的是预言家的话,1,5,,,,,,,,,,,,,,,
717,1481.98,1483.28,1.3,我觉得就比较被动了,1,5,,,,,,,,,,,,,,,
718,1483.28,1485.01,1.73,嗯比较被动了,1,5,,,,,,,,,,,,,,,
719,1485.01,1487.35,2.34,我吃毒了嗯,1,5,,,,,,,,,,,,,,,
720,1487.35,1489.81,2.46,哦那个跟那个后我跟那个后台说一声,1,5,,,,,,,,,,,,,,,
721,1489.81,1491.78,1.97,那毛血旺直接上到休息室就可以了,1,5,,,,,,,,,,,,,,,
722,1491.78,1494.12,2.34,嗯因为一会就要出去吃了,1,5,,,,,,,,,,,,,,,
723,1494.12,1495.38,1.26,也不能在这吃了,1,5,,,,,,,,,,,,,,,
724,1495.38,1498.14,2.76,可惜非常感谢大师赛的观众们啊,1,5,,,,,,,,,,,,,,,
725,1498.14,1499.74,1.6,感谢让我来大师赛的观众们,1,5,,,,,,,,,,,,,,,
726,1499.74,1501.32,1.58,非常谢谢实在遗憾,1,5,,,,,,,,,,,,,,,
727,1501.32,1502.34,1.02,马上就要离席了,1,5,,,,,,,,,,,,,,,
728,1502.34,1504.55,2.21,可惜一会儿多给点休息室的镜头,1,5,,,,,,,,,,,,,,,
729,1504.55,1505.929,1.379,我会在那猛吃的,1,5,,,,,,,,,,,,,,,
730,1505.929,1507.849,1.92,嗯目前的分别我只能判断到这了,1,5,,,,,,,,,,,,,,,
731,1507.849,1509.689,1.84,一会看完警徽投票和他们第二轮,1,5,,,,,,,,,,,,,,,
732,1509.689,1511.109,1.42,如果有机会有发言的话,1,5,,,,,,,,,,,,,,,
733,1511.109,1513.679,2.57,但我也怕我也听不到他们的发言了,1,5,,,,,,,,,,,,,,,
734,1513.679,1517.679,4,可惜能不能投个平票pk出来嗯,1,5,,,,,,,,,,,,,,,
736,1521.45,1522.53,1.08,你吃毒了,12,6,,,,,,,,,,,,,,,
737,1522.53,1523.51,0.98,是不是邱大,12,6,,,,,,,,,,,,,,,
738,1523.51,1524.45,0.94,你吃毒了,12,6,,,,,,,,,,,,,,,
739,1524.45,1526.23,1.78,那我不得一会双爆了吗,12,6,,,,,,,,,,,,,,,
740,1526.23,1528.21,1.98,就是我一会带着K4双爆了,12,6,,,,,,,,,,,,,,,
741,1528.21,1529.84,1.63,我们一块吃好不好,12,6,,,,,,,,,,,,,,,
742,1529.84,1531.98,2.14,嗯我是我是好人啊,12,6,,,,,,,,,,,,,,,
743,1531.98,1533.42,1.44,我是好人啊,12,6,,,,,,,,,,,,,,,
744,1533.42,1534.94,1.52,一号吃毒了,12,6,,,,,,,,,,,,,,,
745,1534.94,1535.8,0.86,一号吃毒了,12,6,,,,,,,,,,,,,,,
746,1535.8,1540.98,5.18,但是我觉得二二和六里边听完十聊天呗,12,6,,,,,,,,,,,,,,,
747,1540.98,1543.19,2.21,但我觉得二比较像预言家吧,12,6,,,,,比较像预言家,,,,,,,,,,
748,1543.19,1544.67,1.48,因为他让的是6号退水,12,6,,,,,,,,,,,,,,,
749,1544.67,1546.15,1.48,我就觉得他可能是预言家了,12,6,,,,,,,,,,,,,,,
750,1546.15,1547.03,0.88,他认识10号,12,6,,,,,,,,,,,,,,,
751,1547.03,1548.81,1.78,我也不觉得他会让你退水吧,12,6,,,,,,,,,,,,,,,
752,1548.81,1550.06,1.25,是不是啊,12,6,,,,,,,,,,,,,,,
753,1550.06,1552.16,2.1,而且你对11也太好了吧,12,6,,,,,,,,,,,,,,,
754,1552.16,1553.14,0.98,你对11也太好了,12,6,,,,,,,,,,,,,,,
755,1553.14,1554.02,0.88,就像我第一次做战,12,6,,,,,,,,,,,,,,,
756,1554.02,1555.4,1.38,你给我发金水样的那一样,12,6,,,,,,,,,,,,,,,
757,1555.4,1558.36,2.96,11号你不要对我太多的成见,12,6,,,,,,,,,,,,,,,
758,1558.36,1560.26,1.9,这样怎么聊这么多呢,12,6,,,,,,,,,,,,,,,
759,1560.26,1561.69,1.43,聊那么多,12,6,,,,,,,,,,,,,,,
760,1562.33,1564.01,1.68,耿姐这把不简单呀,12,6,,,,,,,,不简单,,,,,,,
761,1564.01,1566.37,2.36,我记得耿姐是每把都要冒充预言家的呀,12,6,,,,,,,,,,,,,,,
762,1566.37,1567.89,1.52,这把为什么不冒充啊,12,6,,,,,,,,,,,,,,,
763,1567.89,1569.37,1.48,每一把都要留警徽流,12,6,,,,,,,,,,,,,,,
764,1569.37,1571.235,1.865,这把不留警徽流了,12,6,,,,,,,,,,,,,,,
765,1571.79,1574.49,2.7,3号三号如此紧张,12,6,,,,,,紧张,,,,,,,,,
766,1574.49,1576.43,1.94,这这刚子在这玩这手,12,6,,,,,,,,,,,,,,,
767,1576.43,1579.78,3.35,但已经是感觉手臂都给他搓下来了,12,6,,,,,,,,,,,,,,,
768,1579.78,1581.7,1.92,就他在4号聊天的时候,12,6,,,,,,,,,,,,,,,
769,1581.7,1582.38,0.68,我说实话的,12,6,,,,,,,,,,,,,,,
770,1582.38,1583.87,1.49,你叫我交边的时候,12,6,,,,,,,,,,,,,,,
771,1583.87,1585.35,1.48,确实第一个把你排除了,12,6,,,,,,,,,,,,,,,
772,1585.35,1588.09,2.74,峰哥那时候我是第一个把你排除了,12,6,,,,,,,排除预言家,,,,,,,,
773,1588.09,1589.19,1.1,但是你退水了嘛,12,6,,,,,,,,,,,,,,,
774,1589.19,1589.55,0.36,很正常,12,6,,,,,,,,,,,,,,,
775,1589.55,1591.429,1.879,但你退水有点像好人呢,12,6,,,,,,,,,,,,,,,
776,1591.429,1592.849,1.42,一号吃毒了,12,6,,,,,,,,,,,,,,,
777,1592.849,1593.749,0.9,站边那6号,12,6,,,,,,,,,,,,,,,
778,1593.749,1595.029,1.28,但也可能可以参考吗,12,6,,,,,,,,,,,,,,,
779,1595.029,1596.349,1.32,如果你你是猎人牌,12,6,,,,,,,,,,,,,,,
780,1596.349,1596.629,0.28,吃毒了,12,6,,,,,,,,,,,,,,,
781,1596.629,1597.749,1.12,我可以参考你吗,12,6,,,,,,,,,,,,,,,
782,1597.749,1598.869,1.12,说6号是预言家,12,6,,,,,,,,,,,,,,,
783,1598.869,1600.22,1.351,这都很正常,12,6,,,,,,,,,,,,,,,
784,1600.22,1604.46,4.24,我我还是比较认可一号的这个准确率的啊,12,6,,,,,,,,,,,,,,,
785,1604.46,1605.22,0.76,可以再听一听,12,6,,,,,,,,,,,,,,,
786,1605.22,1606.78,1.56,主要是还要听十聊天吗,12,6,,,,,,,,,,,,,关注,,
787,1606.78,1608.06,1.28,其实警下入夜前,12,6,,,,,,,,,,,,,,,
788,1608.06,1610.06,2,我直接观察了一波歪哥,12,6,,,,,,,,,,好身份,,,,,
789,1610.3,1611.34,1.04,好身份啊,12,6,,,,,,,,,,,,,,,
790,1611.34,1613.3,1.96,好身份嗯,12,6,,,,,,,,,,,,,,,
791,1613.3,1615.92,2.62,好身份的11号倒不知道,12,6,,,,,,,,,,,,,,,
792,1615.92,1619.1,3.18,其实站边2号再说吧,12,6,,,,,,,,,,,,,,,
793,1619.1,1620.06,0.96,听完十发言吧,12,6,,,,,,,,,,,,,,,
794,1620.06,1623.06,3,其实十被查杀的时候也没看出来什么一个名堂,12,6,,,,,,,,,,,,,,,
795,1623.06,1624.22,1.16,你知道吗,12,6,,,,,,,,,,,,,,,
796,1625.06,1626.06,1,其实从逻辑上来说,12,6,,,,,,,,,,,,,,,
797,1626.06,1627.22,1.16,我觉得二更像一点,12,6,,,,,,,,,,,,,,,
798,1627.22,1628.26,1.04,但我听完十发言,12,6,,,,,,,,,,,,,,,
799,1628.26,1629.34,1.08,如果觉得十像狼的话,12,6,,,,,,,,,,,,,,,
800,1629.34,1630.92,1.58,我可以直接一个极致掉头,12,6,,,,,,,,,,,,,,,
801,1630.92,1633,2.08,直接站边这6号冰冰啊,12,6,,,,,,,,,,,,,,,
802,1633,1634.73,1.73,冰哥就这样吧,12,6,,,,,,,,,,,,,,,
803,1634.73,1636.04,1.31,怀疑一下5号,12,6,,,,,,,,怀疑,,,怀疑,,,,
804,1636.04,1638.36,2.32,其实我还怀疑的是4号发的金水,12,6,,,,,,,,,,,,,,,
805,1638.36,1640.52,2.16,8号就是这两位,12,6,,,,,,,,,,,,,,,
806,1640.52,1641.4,0.88,我都想怀疑一下,12,6,,,,,,,,,,,,,,,
807,1641.4,1643.6,2.2,给他好人身份是7号,12,6,,,,,,,,,,,,,,,
808,1643.92,1647.18,3.26,疑似站边2号听完十发言确认一下好吗,12,6,,,,,,,,,,,,,,,
810,1651.769,1653.529,1.76,哎其实6号给我发金水的时候,10,7,,,,,,,,,,,,,,,
811,1653.529,1654.169,0.64,我笑了下,10,7,,,,,,,,,,,,,,,
812,1654.169,1654.569,0.4,你知道吧,10,7,,,,,,,,,,,,,,,
813,1654.569,1656.169,1.6,因为我我验的6号是金水牌,10,7,,,,,,,,,,,,,,,
814,1656.169,1656.969,0.8,所以他给我发查杀时,10,7,,,,,,,,,,,,,,,
815,1656.969,1660.09,3.121,我想6号是换了谁给我发查杀,10,7,,,,,,,,,,,,,,,
816,1660.09,1662.37,2.28,因为开牌前我跟6号有对视嘛,10,7,,,,,,,,,,,,,,,
817,1662.37,1664.41,2.04,就是我们这个十十一十二是最后看牌的,10,7,,,,,,,,,,,,,,,
818,1664.41,1665.05,0.64,我看完牌之后,10,7,,,,,,,,,,,,,,,
819,1665.05,1666.08,1.03,我是往这边看的,10,7,,,,,,,,,,,,,,,
820,1666.08,1668.2,2.12,但是我的目光瞟到这边有人在看我,10,7,,,,,,,,,,,,,,,
821,1668.2,1669.28,1.08,然后我就跟6号冲,10,7,,,,,,,,,,,,,,,
822,1669.28,1670.54,1.26,冲着他比了一个wink,10,7,,,,,,,,,,,,,,,
823,1670.54,1672.29,1.75,然后6号也看着我笑了一下,10,7,,,,,,,,,,,,,,,
824,1672.29,1673.25,0.96,所以我拿了预言家,10,7,,,,,,,,,,,,,,,
825,1673.25,1675.21,1.96,我是毫不犹豫的是进验6号,10,7,,,,,,,,,,,,,,,
826,1675.21,1677.53,2.32,但6号他第一个发言起跳给我发查杀,10,7,,,,,,,,,,,,,,,
827,1677.53,1678.81,1.28,那我想的哎,10,7,,,,,,,,,,,,,,,
828,1678.81,1680.33,1.52,你可能是一个狼混,10,7,,,,,,,,,,,,,,,
829,1680.33,1681.83,1.5,就是外了验了外置身份,10,7,,,,,,,,,,,,,,,
830,1681.83,1684.09,2.26,确定我开牌前对你那个wink肯定是好人牌,10,7,,,,,,,,,,,,,,,
831,1684.09,1685.09,1,所以给我发查杀,10,7,,,,,,,,,,,,,,,
832,1685.09,1686.93,1.84,所以当时2号六号就是对跳的时候,10,7,,,,,,,,,,,,,,,
833,1686.93,1687.81,0.88,我在想我要不要跳,10,7,,,,,,,,,,,,,,,
834,1687.81,1688.37,0.56,你知道吧,10,7,,,,,,,,,,,,,,,
835,1688.37,1689.53,1.16,但好像我不能不跳,10,7,,,,,,,,,,,,,,,
836,1689.53,1690.6,1.07,因为我不跳的话,10,7,,,,,,,,,,,,,,,
837,1690.6,1692.2,1.6,就是就你们眼里面,10,7,,,,,,,,,,,,,,,
838,1692.2,1693.4,1.2,如果是2号是预言家,10,7,,,,,,,,,,,,,,,
839,1693.4,1694.32,0.92,我是查杀牌,10,7,,,,,,,,,,,,,,,
840,1694.32,1694.68,0.36,你知道吧,10,7,,,,,,,,,,,,,,,
841,1694.68,1695.8,1.12,就是我要上轮次的,10,7,,,,,,,,,,,,,,,
842,1695.8,1697.94,2.14,如果他们俩是狼混和狼,10,7,,,,,,,,,,,,,,,
843,1697.94,1698.9,0.96,我是不能不跳的,10,7,,,,,,,,,,,,,,,
844,1698.9,1699.83,0.93,所以我必须要跳,10,7,,,,,,,,,,,,,,,
845,1699.83,1701.39,1.56,本来如果是2463个人跳,10,7,,,,,,,,,,,,,,,
846,1701.39,1702.39,1,我是肯定不跳了,10,7,,,,,,,,,,,,,,,
847,1702.39,1703.23,0.84,就是局比较乱,10,7,,,,,,,,,,,,,,,
848,1703.23,1704.15,0.92,我是肯定不跳的,10,7,,,,,,,,,,,,,,,
849,1704.15,1705.43,1.28,但现在是2号六号跳,10,7,,,,,,,,,,,,,,,
850,1705.43,1706.59,1.16,我的金水牌是6号,10,7,,,,,,,,,验6金水,,,,跳预言家,,
851,1706.59,1707.61,1.02,他有可能是狼混,10,7,,,,,,,,,,,,,,,
852,1707.61,1709.02,1.41,所以我必须要起跳,10,7,,,,,,,,,,,,,,,
853,1709.02,1711.46,2.44,4号他是有跳过预言家给八发金水的嘛,10,7,,,,,,,,,,,,,,,
854,1711.46,1712.1,0.64,但是他退水了,10,7,,,,,,,,,,,,,,,
855,1712.1,1712.96,0.86,在我发言前,10,7,,,,,,,,,,,,,,,
856,1712.96,1714.86,1.9,所以4号警下发言是自己聊,10,7,,,,,,,,,,,,,,,
857,1714.86,1716.62,1.76,一号现在跳的是一个吃毒猎人,10,7,,,,,,,,,,,,,,,
858,1716.62,1717.86,1.24,我就不去盘他对吧,10,7,,,,,,,,,,,,,,,
859,1717.86,1721.1,3.24,12号我觉得你是身份或者是狼吧,10,7,,,,,,,,,,,,,,,身份或狼
860,1721.1,1723.25,2.15,就是一号现在是吃毒的猎人牌,10,7,,,,,,,,,,,,,,,
861,1723.25,1724.33,1.08,你还说自己是什么,10,7,,,,,,,,,,,,,,,
862,1724.33,1725.21,0.88,待会要自爆了,10,7,,,,,,,,,,,,,,,
863,1725.21,1726.85,1.64,我不可能说你说自己待会要自爆,10,7,,,,,,,,,,,,,,,
864,1726.85,1727.71,0.86,你是好人牌,10,7,,,,,,,,,,,,,,,
865,1727.71,1729.09,1.38,但如果你是一个平民牌,10,7,,,,,,,,,,,,,,,
866,1729.09,1730.06,0.97,就是好人在装,10,7,,,,,,,,,,,,,,,
867,1730.06,1731.42,1.36,我觉得你的身份也不是平民,10,7,,,,,,,,,,,,,,,
868,1731.42,1732.04,0.62,只能是神,10,7,,,,,,,,,,,,,,,
869,1732.04,1733.74,1.7,所以我也不去禁言12号,10,7,,,,,,,,,,,,,,,
870,1733.74,1735.54,1.8,那我前置就定一下3号呗,10,7,,,,,,,,,,,,,,,
871,1735.54,1737.5,1.96,就3号他刚坐下来,10,7,,,,,,,,,,,,,,,
872,1737.5,1738.78,1.28,我不知道他是太紧张,10,7,,,,,,,,,,,,,,,
873,1738.78,1741.06,2.28,还是说确实就是4号六号对比,10,7,,,,,,太简短,,,,,,,,,
874,1741.06,1742.22,1.16,就是他没有听过我发言,10,7,,,,,,,,,,,,,,,
875,1742.22,1744.32,2.1,不知道站边就是聊的有点太简短了,10,7,,,,,,,,,,,,,,,
876,1744.32,1746.46,2.14,所以我是没有听出来3号是什么的,10,7,,,,,,,,,,,,,,,
877,1746.46,1748.82,2.36,12号我自己给他判断是神或狼,10,7,,,,,,,,,,,,,,,
878,1748.82,1749.96,1.14,一号吃毒猎人,10,7,,,,,,,,,,,,,,,
879,1749.96,1751.28,1.32,4号跳过预言家的,10,7,,,,,,,,,,,,,,,
880,1751.28,1752.68,1.4,他自己警下聊下,10,7,,,,,,,,,,,,,,,
881,1752.68,1754.04,1.36,6号应该是一个狼混吧,10,7,,,,,,,,,狼混,,,,,,
882,1754.04,1755.76,1.72,就是我起跳了,10,7,,,,,,,,,,,,,,,
883,1755.76,1756.4,0.64,给他发金水,10,7,,,,,,,,,,,,,,,
884,1756.4,1757.28,0.88,他都不退水,10,7,,,,,,,,,,,,,,,
885,1757.28,1759.22,1.94,那我是一个狼是不可能起跳的对吧,10,7,,,,,,,,,,,,,,,
886,1759.22,1760.74,1.52,给6号反发金水,10,7,,,,,,,,,,,,,,,
887,1760.74,1762.89,2.15,所以现在是狼混和狼哦,10,7,,,,,,警徽流1,,,,,,警徽流2,,,
888,1762.89,1764.93,2.04,我预言家要对两个人嗯,10,7,,,,,,,,,,,,,,,
889,1764.93,1766.959,2.029,警徽流3号九号吧,10,7,,,,,,,,,,,,,,,
890,1766.959,1769.079,2.12,因为2号给9号发的是金水牌吗,10,7,,,,,,,,,,,,,,,
891,1769.079,1769.999,0.92,定一下9号,10,7,,,,,,,,,,,,,,,
892,1769.999,1771.279,1.28,虽然9号坐在我后面,10,7,,,,,,,,,,,,,,,
893,1771.279,1772.54,1.261,马上就能发言,10,7,,,,,,,,,,,,,,,
894,1772.54,1774.94,2.4,但是我没有能力听出来9号是好人或者是狼,10,7,,,,,,,,,,,,,,,
895,1774.94,1777.43,2.49,所以我就三九顺验5号七号,10,7,,,,,,,,,,,,,,,
896,1777.43,1779.47,2.04,11号其实我都不留警徽留的吧,10,7,,,,,,,,,,,,,,,
897,1779.47,1780.43,0.96,因为我5号七号,10,7,,,,,,,,,,,,,,,
898,1780.43,1782.23,1.8,我可以通过直接看他们的票型,10,7,,,,,,,,,,,,,,,
899,1782.23,1783.57,1.34,来判断他们的身份嘛,10,7,,,,,,,,,,,,,,,
900,1783.57,1785.37,1.8,11号如果你是好人牌,10,7,,,,,,,,,,,,,,,
901,1785.37,1786.81,1.44,你记住我赛前说过的话,10,7,,,,,,,,,,,,,,,
902,1786.81,1789.33,2.52,我们十十一十二是三个连着的背锅位,10,7,,,,,,,,,,,,,,,
903,1789.33,1790.53,1.2,所以如果你是好人牌,10,7,,,,,,,,,,,,,,,
904,1790.53,1791.37,0.84,给我投警徽票,10,7,,,,,,,,,,,,,,,
905,1791.37,1792.36,0.99,我是预言家,10,7,,,,,,,,,,,,,,,
906,1792.36,1794,1.64,五七我就看投票了好吧,10,7,,,,,,,,,,,,,,,
907,1794,1796.56,2.56,那三九顺验验的6号是金水牌,10,7,,,,,,,,,,,,,,,
908,1796.56,1798,1.44,就这样吧,10,7,,,,,,,,,,,,,,,
910,1800.419,1804.44,4.021,嗯通了全通了,9,8,,,,,,,,,,,,,,,
911,1804.44,1806.16,1.72,你看当时是二起跳那一刻,9,8,,,,,,,,,,,,,,,
912,1806.16,1808.16,2,我当时视角里够,9,8,,,,,,,,,,,,,,,
913,1808.16,1809.96,1.8,但我没看到四放手那一刻,9,8,,,,,,,,,,,,,,,
914,1809.96,1813.41,3.45,我视角里贡献的这个宏图是6号玩家,9,8,,,,,,,,,诈身份,,,,,,
915,1813.41,1814.89,1.48,是诈身份的啊,9,8,,,,,,,,,,,,,,,
916,1814.89,1816.79,1.9,诈十的身份给十发查杀,9,8,,,,,,,,,,,,,,,
917,1816.79,1819.69,2.9,4号玩家呢想压8号玩家的跳,9,8,,,,,,,,,,,,,,,
918,1819.69,1821.93,2.24,所以给8号玩家发金水啊,9,8,,,,,,,,,,,,,,,
919,1821.93,1822.83,0.9,想装狼混,9,8,,,,,,,装狼混,,,,,,,,
920,1822.83,1825.33,2.5,然后2号玩家当时我觉得比较像预言家,9,8,,,,,像预言家,,,,,,,,,,
921,1825.33,1827.21,1.88,然后4号玩家放完手之后,9,8,,,,,,,,,,,,,,,
922,1827.21,1828.81,1.6,那现在这格式不就成立了吗,9,8,,,,,,,,,,,,,,,
923,1828.81,1830.84,2.03,因为我看6号玩家退不退水,9,8,,,,,,,,,,,,,,,
924,1831.36,1834.36,3,嗯主要10号人家你的发言里面你说过一句,9,8,,,,,,,,,,,,,,,
925,1834.36,1836.55,2.19,你说你有想过自己有可能不跳,9,8,,,,,,,,,,,,,,,
926,1836.83,1838.05,1.22,那不是扯吗,9,8,,,,,,,,,,,,,,,
927,1838.05,1838.89,0.84,你不跳,9,8,,,,,,,,,,,,,,,
928,1838.89,1840.15,1.26,首先预言家没跳,9,8,,,,,,,,,,,,,,,
929,1840.15,1840.97,0.82,其次呢,9,8,,,,,,,,,,,,,,,
930,1840.97,1843.35,2.38,那如果说6号玩家现在比如6号玩家是狼混,9,8,,,,,,,,,,,,,,,
931,1843.35,1843.71,0.36,6号玩家,9,8,,,,,,,,,,,,,,,
932,1843.71,1845.63,1.92,比如说啊比如他刚着了,9,8,,,,,,,,,,,,,,,
933,1845.63,1846.31,0.68,那今天是你,9,8,,,,,,,,,,,,,,,
934,1846.31,1847.679,1.369,今天是你出局啊,9,8,,,,,,,,,,,,,出局,,
935,1847.679,1849.279,1.6,所以如果你真的是预言家,9,8,,,,,,,,,,,,,,,
936,1849.279,1851.359,2.08,你都已经明确的知道6号玩家,9,8,,,,,,,,,,,,,,,
937,1851.359,1852.719,1.36,你的金水有可能是一张狼,9,8,,,,,,,,,,,,,,,
938,1852.719,1854.919,2.2,或者你是不可能有不跳的这种思考量,9,8,,,,,,,,,,,,,,,
939,1854.919,1856.12,1.201,你是一定会跳的呀,9,8,,,,,,,,,,,,,,,
940,1856.12,1857.52,1.4,其次你刚刚共性逻辑点,9,8,,,,,,,,,,,,,,,
941,1857.52,1859.87,2.35,你说呃你如果是狼的话,9,8,,,,,,,,,,,,,,,
942,1859.87,1861.65,1.78,你不可能反给6号玩家发金水,9,8,,,,,,,,,,,,,,,
943,1861.65,1862.63,0.98,那很合理啊,9,8,,,,,,,,,,,,,,,
944,1862.63,1864.15,1.52,就是因为这个板子有混血儿啊,9,8,,,,,,,,,,,,,,,
945,1864.15,1866.23,2.08,你把6号玩家如果不方便打成狼,9,8,,,,,,,,,,,,,,,
946,1866.23,1867.65,1.42,你把他包装成混血儿,9,8,,,,,,,,,,,,,,,
947,1867.65,1869.53,1.88,那不是也也OK的吗,9,8,,,,,,,,,,,,,,,
948,1869.53,1872.139,2.609,也能解释为什么6号玩家的前置位给你发查杀,9,8,,,,,,,,,,,,,,,
949,1872.139,1874.939,2.8,我觉得10号玩家你说的是6号玩家那点,9,8,,,,,,,,,,,,,,,
950,1874.939,1875.819,0.88,我觉得太泥泞了,9,8,,,,,,,,,,,,,,,
951,1875.819,1877.56,1.741,6号玩家第一个发言啊,9,8,,,,,,,,,,,,,,,
952,1877.56,1878.72,1.16,是第一个发言吧,9,8,,,,,,,,,,,,,,,
953,1878.72,1881.02,2.3,然后呢明确知道自己混了狼混,9,8,,,,,,,,,,,,,,,
954,1881.02,1884.83,3.81,且明确知道你一定是好人的预言家,9,8,,,,,,,,,,,,,,,
955,1885.15,1887.67,2.52,这个有点太夸张了,9,8,,,,,,,,,,,,,,,
956,1887.67,1889.93,2.26,所以可能很很难接受吧,9,8,,,,,,,,,,,,,,,
957,1889.93,1892.01,2.08,所以我就看6号家退不退水啊,9,8,,,,,,,,,,,,,,,
958,1892.01,1893.09,1.08,如果6号玩家退水的话,9,8,,,,,,,,,,,,,,,
959,1893.09,1895.33,2.24,我觉得井上就是我盘那个格式,9,8,,,,,,,,,,,,,,,
960,1895.33,1899.09,3.76,然后一号玩家的发言呢看似有说法,9,8,,,,有爆点,,,,,,,,,,,
961,1899.09,1901.139,2.049,实则有爆点,9,8,,,,,,,,,,,,,,,
962,1901.139,1903.979,2.84,一号玩家说觉得我9号玩家不像是好人,9,8,,,,,,,,,,,,,,,
963,1903.979,1904.859,0.88,但是你二六里面,9,8,,,,,,,,,,,,,,,
964,1904.859,1905.579,0.72,当时你分不清楚,9,8,,,,,,,,,,,,,,,
965,1905.579,1908.03,2.451,站边那2号玩家是不是给我发的金水啊,9,8,,,,,,,,,,,,,,,
966,1908.03,1909.87,1.84,而且你当时找的位置是3号玩家,9,8,,,,,,,,,,,,,,,
967,1909.87,1912.12,2.25,是你觉得3号玩家有可能像是混血儿的位置,9,8,,,,,,,,,,,,,,,
968,1912.12,1913.96,1.84,那好你心目中的一个混血儿的位置,9,8,,,,,,,,,,,,,,,
969,1913.96,1914.96,1,已经产生了3号玩家,9,8,,,,,,,,,,,,,,,
970,1914.96,1915.94,0.98,那你觉得我九不好,9,8,,,,,,,,,,,,,,,
971,1915.94,1917.16,1.22,我也是非混子张牌,9,8,,,,,,,,,,,,,,,
972,1917.16,1918.62,1.46,那我在你身上是不是狼呀,9,8,,,,,,,,,,,,,,,
973,1918.62,1920.22,1.6,所以二六里面区分站边,9,8,,,,,,,,,,,,,,,
974,1920.22,1921.18,0.96,你是不是一秒站六啊,9,8,,,,,,,,,,,,,,,
975,1921.18,1922.9,1.72,因为2号玩家的金水是我呀,9,8,,,,,,,,,,,,,,,
976,1922.9,1924.929,2.029,所以我觉得一号玩家独立发言有问题,9,8,,,,发言有问题,,,,,,,,,,,
977,1924.929,1926.949,2.02,然后10号玩家如果你是狼的话,9,8,,,,,,,,,,,,,,,
978,1926.949,1928.969,2.02,你唯独井下去对话了11号,9,8,,,,,,,,,,,,,,,
979,1928.969,1931.38,2.411,那11号是不是有被动匪没,9,8,,,,,,,,,,,,,,,
980,1931.38,1933.1,1.72,那是不是就一八十十一啊,9,8,,,,狼,,,,,,,狼,,狼,狼,
981,1933.1,1933.86,0.76,我不知道,9,8,,,,,,,,,,,,,,,
982,1935.38,1936.56,1.18,我听听呗,9,8,,,,,,,,,,,,,,,
983,1936.56,1938,1.44,嗯我就看6号像放不放手,9,8,,,,,,,,,,,,,,,
984,1938,1939.73,1.73,你别6号玩家他不放,9,8,,,,,,,,,,,,,,,
985,1939.73,1940.71,0.98,那我得重盘,9,8,,,,,,,,,看放不放手,,,,,,
986,1940.71,1941.31,0.6,6号玩家,9,8,,,,,,,,,,,,,,,
987,1941.31,1942.59,1.28,如果他一会儿放的话,9,8,,,,,,,,,,,,,,,
988,1942.59,1943.71,1.12,我先说他放的话,9,8,,,,,,,,,,,,,,,
989,1943.71,1944.59,0.88,我会站二,9,8,,,,,,,,,,,,,,,
990,1944.59,1945.55,0.96,他不放,9,8,,,,,,,,,,,,,,,
991,1945.55,1946.55,1,我再听听,9,8,,,,,,,,,,,,,,,
992,1946.55,1947.99,1.44,我看怎么事啊,9,8,,,,,,,,,,,,,,,
993,1947.99,1950.17,2.18,我现在对于你就三张牌的格式,9,8,,,,,,,,,,,,,,,
994,1950.17,1953.41,3.24,四张起跳的格式就是六呢是诈身份的,9,8,,,,,,,,,,,,,,,
995,1953.41,1954.29,0.88,觉得十像狼,9,8,,,,,,,,,,,,,,,
996,1954.29,1956.45,2.16,想测测后置位狼的弹性,9,8,,,,,,,,,,,,,,,
997,1956.45,1958.97,2.52,4号玩家呢是有点有点想压8号玩家的跳,9,8,,,,,,,,,,,,,,,
998,1958.97,1961.25,2.28,因为我看8号玩家挂起来比较像狼,9,8,,,,,,,,,,,,,,,
999,1961.25,1964.09,2.84,然后2号玩家呢是我现在目前为止认的预言家,9,8,,,,,,,,,,,,,,,
1000,1964.09,1965.29,1.2,10号玩家是在这个位置,9,8,,,,,,,,,,,,,,,
1001,1965.29,1968.32,3.03,没办法被迫起跳的一张红狼牌,9,8,,,,,,,,,,,,,,,
1002,1968.8,1970.14,1.34,因为他视角里看不到六,9,8,,,,,,,,,,,,,,,
1003,1970.14,1971.52,1.38,4号好像也放手了,9,8,,,,,,,,,,,,,,,
1004,1971.52,1972.44,0.92,所以他没有办法,9,8,,,,,,,,,,,,,,,
1005,1972.44,1973.12,0.68,只能被迫起跳,9,8,,,,,,,,,,,,,,,
1006,1973.12,1974.2,1.08,因为查杀发的是对的,9,8,,,,,,,,,,,,,,,
1007,1974.2,1975.429,1.229,金水发的也是对的,9,8,,,,,,,,,,,,,,,
1008,1975.429,1977.949,2.52,所以他分不清楚二和六里面谁是真的预言家,9,8,,,,,,,,,,,,,,,
1009,1977.949,1978.869,0.92,谁会真正的放手,9,8,,,,,,,,,,,,,,,
1010,1978.869,1980.869,2,所以他只能先选择起跳啊,9,8,,,,,,,,,,,,,,,
1012,1986.82,1989.58,2.76,这个九点的什么一八十十一,8,9,,,,,,,,,,,,,,,
1013,1989.58,1992.38,2.8,反正嗯你让我站,8,9,,,,,,,,,,,,,,,
1014,1992.38,1995.3,2.92,我对于60的身份判定就是他们是同身份,8,9,,,,,,,,,6、10同身份,,,,6、10同身份,,
1015,1995.3,1997.86,2.56,要不然就是六是狼在给十做身份,8,9,,,,,,,,,,,,,,,
1016,1997.86,1999.82,1.96,十反手给六发一个金水啊,8,9,,,,,,,,,,,,,,,
1017,1999.82,2001.02,1.2,做高自己的力度,8,9,,,,,,,,,,,,,,,
1018,2001.02,2002.22,1.2,就是两狼做一下身份,8,9,,,,,,,,,,,,,,,
1019,2002.22,2003.52,1.3,要不然就是同身份,8,9,,,,,,,,,,,,,,,
1020,2003.52,2005.94,2.42,就是六是一个诈身份的啊白牌,8,9,,,,,,,,,,,,,,,
1021,2005.94,2007,1.06,然后十是个预言家,8,9,,,,,,,,,,,,,,,
1022,2007,2007.44,0.44,验了六,8,9,,,,,,,,,,,,,,,
1023,2007.44,2009.36,1.92,那六的底牌可以是验出来的金水,8,9,,,,,,,,,,,,,,,
1024,2009.36,2010,0.64,可以是狼混,8,9,,,,,,,,,,,,,,,
1025,2010,2011.53,1.53,可以是诈身份的好人,8,9,,,,,,,,,,,,,,,
1026,2011.53,2014.25,2.72,那据我对KS的判断,8,9,,,,,,,,,,,,,,,
1027,2014.25,2016.75,2.5,我估计应该是诈身份的,8,9,,,,,,,,,炸身份的‘,,,,,,
1028,2016.75,2017.91,1.16,诈身份的白牌,8,9,,,,,,,,,,,,,,,
1029,2017.91,2019.88,1.97,就是十是那个预言家,8,9,,,,,,,,,,,,,预言家,,
1030,2019.88,2021.44,1.56,然后9号玩家作为,8,9,,,,,,,,,,,,,,,
1031,2021.44,2023.9,2.46,所以2号玩家的那那那因为是验证金水,8,9,,,,,,,,,,,,,,,
1032,2023.9,2024.74,0.84,他现在还没退水,8,9,,,,,,,,,,,,,,,
1033,2024.74,2027.1,2.36,所以六的底牌判定为可能的狼混,8,9,,,,,,,,,狼混,,,,,,
1034,2027.1,2030.34,3.24,那二的底牌呢就是起跳的狼人发给九的金水,8,9,,,,,,,,,,,,,,,
1035,2030.34,2032.429,2.089,那我对九的身份判定呢,8,9,,,,,,,,,,,,,,,
1036,2032.429,2033.869,1.44,因为他点了四张嘛,8,9,,,,,,,,,,,,不是好人,,,
1037,2033.869,2037.209,3.34,那我肯定不会觉得这个九是一张好人牌,8,9,,,,,,,,,,,,,,,
1038,2037.209,2041.05,3.841,因为首先我站边的是呃10号玩家,8,9,,,,,,,,,,,,,站边10号,,
1039,2041.05,2043.81,2.76,9号玩家还没有听8号玩家发言的情况下,8,9,,,,,,,,,,,,,,,
1040,2043.81,2045.21,1.4,就说8号玩家底牌是个狼,8,9,,,,,,,,,,,,,,,
1041,2045.21,2047.21,2,那我很难认为9号玩家底牌是好人,8,9,,,,,,,,,,,,,,,
1042,2047.21,2049.8,2.59,就是他打八跟11是毫无逻辑,8,9,,,,,,,,,,,,,,,
1043,2049.8,2051.3,1.5,就是为什么能打到八跟11,8,9,,,,,,,,,,,,,,,
1044,2051.3,2052.86,1.56,就是因为四给八发了个金水,8,9,,,,,,,,,,,,,,,
1045,2052.86,2054.42,1.56,所以在九的视角里站边,8,9,,,,,,,,,,,,,,,
1046,2054.42,2055.34,0.92,二六是炸身份的,8,9,,,,,,,,,,,,,,,
1047,2055.34,2056.46,1.12,八的底牌就得那是个狼,8,9,,,,,,,,,,,,,,,
1048,2056.46,2057.8,1.34,那十跟11啥关系,8,9,,,,,,,,,,,,,,,
1049,2057.8,2059.34,1.54,一人跳的是吃毒猎人,8,9,,,,,,,,,,,,,,,
1050,2059.34,2061.739,2.399,那这板子哪个人知道自己吃毒,8,9,,,,,,,,,,,,,,,
1051,2061.739,2063.099,1.36,那不只有猎人知道吗,8,9,,,,,,,,,,,,,,,
1052,2063.099,2064.84,1.741,一跳的是吃毒猎人,8,9,,,,,,,,,,,,,,,
1053,2064.84,2067.08,2.24,但是你连吃毒猎人都敢打兄弟,8,9,,,,,,,,,,,,,,,
1054,2067.08,2069.04,1.96,这这是我不知道九的身份是什么,8,9,,,,,,,,,,,,,,,
1055,2069.04,2070.84,1.8,但是我站边的是10号,8,9,,,,,,,,,,,,,,,
1056,2070.84,2073.28,2.44,然后那六如果不退水的话,8,9,,,,,,,,,,,,,,,
1057,2073.28,2075.86,2.58,那我觉得六的底牌可能为狼混吧,8,9,,,,,,,,,,,,,,,
1058,2075.86,2077.08,1.22,啊可能为狼混,8,9,,,,,,,,,,,,,,,
1059,2077.08,2079,1.92,那站边十的话就投一下,8,9,,,,,,,,,,,,,,,
1060,2079,2080.83,1.83,2号没了,8,9,,,,,,,,,,,,,,,
1061,2080.83,2083.19,2.36,然后4号我不知道他为啥给我发金水啊,8,9,,,,,,,,,,,,,,,
1062,2083.19,2084.15,0.96,反正他也退水了,8,9,,,,,,,,,,,,,,,
1063,2084.15,2085.25,1.1,跟我也没啥关系,8,9,,,,,,,,,,,,,,,
1064,2085.25,2087.84,2.59,看一下五七十一的票型呗,8,9,,,,,,,,,,,,,,,
1065,2087.84,2088.679,0.839,嗯我是好人,8,9,,,,,,,,,,,,,,,
1066,2088.679,2089.52,0.841,我就过了,8,9,,,,,,,,,,,,,,,
1070,2097.88,2102.26,4.38,仍留警上玩家,0,10,,,,1,1,,,,1,,1,1,,,
1074,2113.04,2114.66,1.62,警徽投票,0,10,,,,,,,,2,,2,,,,6,
1078,2118.76,2120.9,2.14,警长归属,0,10,,,,,1,,,,,,,,,,
1084,2134.11,2135.41,1.3,我是好人牌,3,11,,,,,站边2号,,,,,,,,,,
1085,2135.41,2137.01,1.6,我这把找着边儿了,3,11,,,,,,,,,,,,,,,
1086,2137.01,2139.15,2.14,我准备要站边2号牌,3,11,,,,,,,,,,,,,,,
1087,2139.15,2142.37,3.22,因为我看到警下五七都给二打票,3,11,,,,,,,,,,,,,,,
1088,2142.37,2144.03,1.66,那么这把我应该没错,3,11,,,,,,,,,,,,,,,
1089,2144.03,2147.1,3.07,11应该是一张狼人牌啊,3,11,,,,,,,,,,,,,,狼人,
1090,2147.1,2149.08,1.98,你为什么去给六打票呢,3,11,,,,,,,,,,,,,,,
1091,2149.08,2150.76,1.68,人家别人都给二打,3,11,,,,,,,,,,,,,,,
1092,2150.76,2151.9,1.14,而你就给六,3,11,,,,,,,,,,,,,,,
1093,2151.9,2155.26,3.36,你应该是六或者是十的狼人牌,3,11,,,,,,,,,,,,,,,
1094,2155.26,2158.08,2.82,我不知道这个怎么分析你们俩,3,11,,,,,,,,,,,,,,,
1095,2158.08,2159.98,1.9,而且二很像预言家,3,11,,,,,,,,,,,,,,,
1096,2159.98,2161.06,1.08,非常松弛,3,11,,,,,,,,,,,,,,,
1097,2161.06,2164.6,3.54,你看看六和十基本上就不吃饭,3,11,,,,,,,,,,,,,,,
1098,2164.6,2165.4,0.8,也不喝水,3,11,,,,,,,,,,,,,,,
1099,2165.4,2168.25,2.85,你看看我劝姐连吃带喝,3,11,,,,,,,,,,,,,,,
1100,2168.25,2172.09,3.84,这种松弛感是很少会有预言家会有这种松弛感,3,11,,,,,,,,,,,,,,,
1101,2172.09,2174.24,2.15,从这种场外信息来讲,3,11,,,,,,,,,,,,,,,
1102,2174.24,2176.9,2.66,我觉得二也肯定是一张预言家牌,3,11,,,,,,,,,,,,,,,
1103,2176.9,2180.57,3.67,再有我觉得九是一张狼人牌,3,11,,,,,,,,,,,,狼人,,,
1104,2180.57,2182.72,2.15,酒的这个行为非常不好,3,11,,,,,,,,,,,,,,,
1105,2182.72,2186.88,4.16,九去打八和十应该是很嫉妒80的颜值,3,11,,,,,,,,,,,,,,,
1106,2186.88,2188.52,1.64,12你就得考虑一下了,3,11,,,,,,,,,,,,,,,
1107,2188.52,2189.86,1.34,为什么你染个白头发,3,11,,,,,,,,,,,,,,,
1108,2189.86,2191.34,1.48,没有人殴打你,3,11,,,,,,,,,,,,,,,
1109,2191.34,2194.9,3.56,那搞不好这个颜值方面你没有干过人家,3,11,,,,,,,,,,,,,,,
1110,2194.9,2196.22,1.32,81你不行,3,11,,,,,,,,,,,,,,,
1111,2196.22,2197.47,1.25,你换个颜色,3,11,,,,,,,,,,,,,,,
1112,2197.47,2199.15,1.68,你染一个别的颜色,3,11,,,,,,,,,,,,,,,
1113,2199.15,2200.55,1.4,那可能会好一点,3,11,,,,,,,,,,,,,,,
1114,2200.55,2204.65,4.1,嗯然后四为什么这个位置跳呀,3,11,,,,,,,,,,,,,,,
1115,2204.65,2207.23,2.58,四这个位置六跳完了他又跳,3,11,,,,,,,,,,,,,,,
1116,2207.23,2210.51,3.28,现在就是说你这个你这个位置你很危险,3,11,,,,,,,,,,,,,,,
1117,2210.51,2213.64,3.13,你怎么把这个小红脸蛋儿一拆下来了以后,3,11,,,,,,,,,,,,,,,
1118,2213.64,2215.46,1.82,你这个你为啥跳呀,3,11,,,,,,,,,,,,,,,
1119,2215.46,2216.5,1.04,你跳的就高,3,11,,,,,,,,,,,,,,,
1120,2216.5,2218.2,1.7,只刚才我都没分清楚,3,11,,,,,,,,,,,,,,,
1121,2218.2,2219.66,1.46,显得我很丑陋,3,11,,,,,,,,,,,,,,,
1122,2219.66,2221.78,2.12,一会儿你赶紧就是检讨一下,3,11,,,,,,,,,,,,,,,
1123,2221.78,2223.1,1.32,你为什么起来炸身份,3,11,,,,,,,,,,,,,,,
1124,2223.1,2224.58,1.48,你跳啊,3,11,,,,,,,,,,,,,,,
1125,2224.58,2226.569,1.989,我这把我要站边2号牌啊,3,11,,,,,,,,,,,,,,,
1126,2226.569,2228.489,1.92,那就是那这回出谁呢,3,11,,,,,,,,,,,,,,,
1127,2228.489,2230.46,1.971,这个这个听2号牌指挥吧,3,11,,,,,,,,,,,,,,,
1128,2230.46,2231.46,1,出六也行,3,11,,,,,,,,,,,,,,,
1129,2231.46,2232.18,0.72,出十也行,3,11,,,,,,,,,,,,,,,
1130,2232.18,2233.08,0.9,出11也中,3,11,,,,,,,,,,,,,,,
1131,2233.08,2234.46,1.38,应该是破案了,3,11,,,,,,,,,,,,,,,
1132,2234.46,2235.46,1,六十十一,3,11,,,,,,,,,狼,,,,狼,狼,
1133,2235.46,2238.83,3.37,三张狼人牌外置位还有一张阴险倒钩狼,3,11,,,,,,,,,,,,,,,
1134,2238.83,2240.11,1.28,我最瞧不起倒钩狼了,3,11,,,,,,,,,,,,,,,
1135,2240.11,2241.35,1.24,看看到底谁是倒钩狼,3,11,,,,,,,,,,,,,,,
1136,2241.35,2242.5,1.15,我过了啊,3,11,,,,,,,,,,,,,,,
1138,2246.1,2248.7,2.6,下面2号九不是二的金水吗,4,12,,,,,,,,,,,,,,,
1139,2253.15,2254.51,1.36,不你是什么呀,4,12,,,,,,,,,,,,,,,
1140,2254.51,2255.41,0.9,求他,4,12,,,,,,,,,,,,,,,
1141,2255.41,2257.27,1.86,我昨天晚上吃毒了啊,4,12,,,,,,,,,,,,,,,
1142,2257.27,2258.63,1.36,我等会要出去吃外卖了,4,12,,,,,,,,,,,,,,,
1143,2258.63,2260.44,1.81,你现在吃挺香啊,4,12,,,,,,,,,,,,,,,
1144,2260.44,2262.06,1.62,你是什么呀,4,12,,,,,,,,,,,,,,,
1145,2262.06,2263.72,1.66,我是看我是摘盔之后,4,12,,,,,,,,,,,,,,,
1146,2263.72,2265.92,2.2,看到8号玩家是夜间动过亏的,4,12,,,,,,,,,,,8号夜间有动作,,,,
1147,2265.92,2267.82,1.9,所以我就给八丢金水了,4,12,,,,,,,,,,,,,,,
1148,2267.82,2272.13,4.31,所以所以一号玩家把我炸退水了,4,12,,,,,,,,,,,,,,,
1149,2272.13,2273.33,1.2,我是好人,4,12,,,,,,,,,,,,,,,
1150,2273.33,2274.75,1.42,我是去压跳的,4,12,,,,,,,,,,,,,,,
1151,2274.75,2275.47,0.72,你是什么,4,12,,,,,,,,,,,,,,,
1152,2275.47,2277.38,1.91,你压了好人的跳,4,12,,,,,,,,,,,,,,,
1153,2279.77,2282.41,2.64,我听六独立给十发查杀的时候,4,12,,,,,,,,,还可以,,,,,,
1154,2282.41,2283.09,0.68,觉得还可以,4,12,,,,,,,,,,,,,,,
1155,2283.09,2283.65,0.56,挺像的,4,12,,,,,,,,,,,,,,,
1156,2283.65,2284.11,0.46,你知道吧,4,12,,,,,,,,,,,,,,,
1157,2284.11,2286.13,2.02,所以当时我觉得就是当时我前置位,4,12,,,,,,,,,,,,,,,
1158,2286.13,2286.93,0.8,只跳一个人的情况下,4,12,,,,,,,,,,,,,,,
1159,2286.93,2288.54,1.61,我觉得六是预言家,4,12,,,,,,,,,,,,,,,
1160,2288.54,2290.66,2.12,然后我去给八压跳的,4,12,,,,,,,,,,,,,,,
1161,2290.66,2291.94,1.28,这个是我的心路历程,4,12,,,,,,,,,,,,,,,
1162,2293.1,2295.68,2.58,警下5号也投票给2号,4,12,,,,,,,,,,,,,,,
1163,2295.68,2297.5,1.82,你看九如果是个狼,4,12,,,,,,,,,,,,,,,
1164,2297.5,2299.68,2.18,他起身攻击的位置有点太多了,4,12,,,,,,,,,,,,,,,
1165,2299.68,2300.74,1.06,他攻击了一号,4,12,,,,,,,,,,,,,,,
1166,2300.74,2302.54,1.8,攻击了8号对吧,4,12,,,,,,,,,,,,,,,
1167,2302.54,2304.22,1.68,他说六是诈身份的,4,12,,,,,,,,,,,,,,,
1168,2304.22,2305.74,1.52,说四是压跳的,4,12,,,,,,,,,,,,,,,
1169,2306.78,2308.31,1.53,他是二的金水,4,12,,,,,,,,,,,,,,,
1170,2308.31,2311.19,2.88,他作为一个狼人牌打飞的票就有点太多了,4,12,,,,,,,,,,,,,,,
1171,2311.19,2313.63,2.44,所以我没有觉得九像狼,4,12,,,,,,,,,,,,不像狼,,,
1172,2313.63,2314.99,1.36,没觉得九像狼,4,12,,,,,,,,,,,,,,,
1173,2314.99,2317.69,2.7,他打十的那点跟我想的也是一样的呀,4,12,,,,,,,,,,,,,,,
1174,2317.69,2319.87,2.18,他说他原本打算不跳了的,4,12,,,,,,,,,,,,,,,
1175,2319.87,2321.11,1.24,你接的是查杀,4,12,,,,,,,,,,,,,,,
1176,2321.11,2322.54,1.43,你怎么不跳呀,4,12,,,,,,,,,,,,,,,
1177,2322.54,2324.86,2.32,前置位那个人给你扣的是查杀呀,4,12,,,,,,,,,,,,,,,
1178,2324.86,2325.74,0.88,不管他是什么,4,12,,,,,,,,,,,,,,,
1179,2325.74,2327.3,1.56,你都在轮子上跳四个人,4,12,,,,,,,,,,,,,,,
1180,2327.3,2328.44,1.14,你都在轮子上,4,12,,,,,,,,,,,,,,,
1181,2328.44,2329.5,1.06,你说你不跳了,4,12,,,,,,,,,,,,,,,
1182,2329.5,2331.279,1.779,你怎么个不跳法呢,4,12,,,,,,,,,,,,,,,
1183,2331.279,2332.819,1.54,那你说他们是两个,4,12,,,,,,,,,,,,,,,
1184,2332.819,2335.039,2.22,就是我们按照夜间这个时长来说,4,12,,,,,,,,,,,,,,,
1185,2335.039,2336.319,1.28,他有可能是见面的两个狼,4,12,,,,,,,,,,,,,,,
1186,2336.319,2338.34,2.021,但是抛开夜间这个时长来说,4,12,,,,,,,,,,,,,,,
1187,2338.34,2339.82,1.48,六最后是刚在警上的呀,4,12,,,,,,,,,,,,,,,
1188,2339.82,2342.69,2.87,现在投掉的一定是10号对吧,4,12,,,,,,,,,,,,,,,
1189,2343.41,2344.69,1.28,是这是这道理吧,4,12,,,,,,,,,,,,,,,
1190,2344.69,2346.21,1.52,那你说六是前置位,4,12,,,,,,,,,,,,,,,
1191,2346.21,2347.31,1.1,第一个发言,4,12,,,,,,,,,,,,,,,
1192,2347.31,2349.15,1.84,精准找到狼混,4,12,,,,,,,,,,,,,,,
1193,2349.15,2351.85,2.7,然后丢了一个查杀的狼,4,12,,,,,,,,,倾向于6号,,,,,,
1194,2351.85,2353.21,1.36,那就有点太猛了,4,12,,,,,,,,,,,,,,,
1195,2353.21,2354.79,1.58,好吧有点太猛了,4,12,,,,,,,,,,,,,,,
1196,2354.79,2357.49,2.7,我到这里还是比较倾向于6号啊,4,12,,,,,,,,,,,,,,,
1197,2357.49,2358.49,1,比较倾向于6号,4,12,,,,,,,,,,,,,,,
1198,2358.49,2360.65,2.16,但是我也没有完全战死了,4,12,,,,,,,,,,,,,,,
1199,2360.65,2362.27,1.62,可以再听一轮啊,4,12,,,,,,,,,,,,,,,
1200,2362.27,2365.21,2.94,因为十的狼面是非常非常非常高的,4,12,,,,,,,,,,,,,狼,,
1201,2365.21,2366.21,1,你让我找你是预言家,4,12,,,,,,,,,,,,,,,
1202,2366.21,2367.48,1.27,我是肯定找不到的,4,12,,,,,,,,,,,,,,,
1203,2367.48,2368.76,1.28,我怎么找你是预言家,4,12,,,,,,,,,,,,,,,
1204,2368.76,2370.2,1.44,你说你你说你可以不跳了,4,12,,,,,,,,,,,,,,,
1205,2370.2,2371.68,1.48,我能找到你是预言家,4,12,,,,,,,,,,,,,,,
1206,2371.68,2373.32,1.64,所以不管预言家是谁,4,12,,,,,,,,,,,,,,,
1207,2373.32,2374.4,1.08,我可能投十,4,12,,,,,,,,,,,,,,,
1208,2374.4,2376.04,1.64,我是愿意投的,4,12,,,,,,,,,,,,,,,
1209,2376.04,2380.79,4.75,然后嗯听一下7号的发言吧对吧,4,12,,,,,,,,,,,,,,,
1210,2380.79,2382.59,1.8,本来5号七号11号在警下,4,12,,,,,,,,,,,,,,,
1211,2382.59,2384.11,1.52,我找的好人是7号,4,12,,,,,,,,,,,,,,,
1212,2384.11,2387.08,2.97,然后倾向于狼的是5号和11号,4,12,,,,,,,,,,,,,,,
1213,2387.08,2388.6,1.52,现在5号和7号投的票是一样的,4,12,,,,,,,,,,,,,,,
1214,2388.6,2390.13,1.53,我听一下5号和7号的发言,4,12,,,,,,,,,,,,,,,
1215,2390.13,2392.57,2.44,二在警上只对话了警下的7号,4,12,,,,,,,,,,,,,,,
1216,2392.57,2394.81,2.24,他警徽流是5号和11号对吧,4,12,,,,,,,,不好,,,,,,,
1217,2395.97,2398.029,2.059,嗯再听下7号的发言吧,4,12,,,,,,,,,,,,,,,
1218,2398.029,2399.229,1.2,呃其他没了呃,4,12,,,,,,,,,,,,,,,
1219,2399.229,2403.28,4.051,投票其站边码过了,4,12,,,,,,,,,,,,,,,
1220,2404.24,2406.04,1.8,我以为你找的好人是我呢,5,13,,,,,,,,,,,,,,,
1221,2406.04,2407,0.96,你不是我看完牌,5,13,,,,,,,,,,,,,,,
1222,2407,2408.2,1.2,你不是说我是平民吗,5,13,,,,,,,,,,,,,,,
1223,2408.2,2410.68,2.48,我寻思我说一这就被4号玩家找到,5,13,,,,,,,,,,,,,,,
1224,2410.68,2412.03,1.35,我是好人了,5,13,,,,,,,,,,,,,,,
1225,2412.03,2414.43,2.4,怎么过了个夜间我就变狼了,5,13,,,,,,,,,,,,,,,
1226,2414.43,2415.59,1.16,我昨晚干嘛了,5,13,,,,,,,,,,,,,,,
1227,2415.59,2416.59,1,我自己都不知道,5,13,,,,,,,,,,,,,,,
1228,2417.67,2421.739,4.069,然后我觉得呃我投给二的原因是10号玩家,5,13,,,,,,,,,,,,,,,
1229,2421.739,2424.92,3.181,他说本来2463张牌起跳,5,13,,,,,,,,,,,,,,,
1230,2424.92,2426.28,1.36,他是不想跳的,5,13,,,,,,,,,,,,,,,
1231,2426.28,2427.88,1.6,因为他觉得前面太乱了,5,13,,,,,,,,,,,,,,,
1232,2427.88,2428.68,0.8,就让他们去跳,5,13,,,,,,,,,,,,,,,
1233,2428.68,2429.58,0.9,自己不跳了,5,13,,,,,,,,,,,,,,,
1234,2429.58,2430.74,1.16,我是没太听懂,5,13,,,,,,,,,,,,,,,
1235,2430.74,2432.42,1.68,因为预言家就是要拨乱,5,13,,,,,,,,,,,,,,,
1236,2432.42,2434.9,2.48,反正嘛你看2463张牌跳,5,13,,,,,,,,,,,,,,,
1237,2434.9,2436.06,1.16,你除非觉得六是混子,5,13,,,,,,,,,,,,,,,
1238,2436.06,2436.5,0.44,二是狼,5,13,,,,,,,,,,,,,,,
1239,2436.5,2439.18,2.68,那4号玩家是帮你滴滴的好人,5,13,,,,,,,,,,,,,不像预言家,,
1240,2439.18,2441.28,2.1,但是他发的金水是8号玩家,5,13,,,,,,,,,,,,,,,
1241,2441.28,2443.96,2.68,你也无从验证8号玩家的身份,5,13,,,,,,,,,,,,,,,
1242,2443.96,2445.96,2,所以很难说10号玩家是预言家,5,13,,,,,,,,,,,,,,,
1243,2445.96,2447.14,1.18,在那个位置不跳,5,13,,,,,,,,,,,,,,,
1244,2447.14,2452.91,5.77,我觉得更像他的心理是6号玩家是他同伴,5,13,,,,,,,,,,,,,,,
1245,2452.91,2454.49,1.58,2号玩家是预言家,5,13,,,,,,,,,,,,,,,
1246,2454.49,2458.02,3.53,4号玩家是给他同伴发金水的白牌,5,13,,,,,,,,,,,,,,,
1247,2458.02,2459.8,1.78,所以他可能在他的眼里,5,13,,,,,,,,,,,,,,,
1248,2459.8,2461.1,1.3,4号玩家可能是狼混,5,13,,,,,,,,,,,,,,,
1249,2461.1,2463.45,2.35,才会存在不跳的想法,5,13,,,,,,,,,,,,,,,
1250,2463.45,2465.41,1.96,嗯我觉得也许不跳是真的,5,13,,,,,,,,,,,,,,,
1251,2465.41,2467.57,2.16,但是说出自己真实想法是狼补跳,5,13,,,,,,,,,,,,,,,
1252,2467.57,2468.779,1.209,而不是预言家不跳,5,13,,,,,,,,,,,,,,,
1253,2468.779,2471.739,2.96,加上后置位8号玩家发言也要站边,5,13,,,,,,,,,,,,,,,
1254,2471.739,2476.23,4.491,10号玩家团队就感觉好像这个设想还比较成立,5,13,,,,,,,,,,,,,,,
1255,2476.65,2478.95,2.3,所以十在我这基本是做不了预言家的,5,13,,,,,,,,,,,,,做不了预言家,,
1256,2478.95,2481.25,2.3,那就按在二跟六里面去选择的话,5,13,,,,,,,,,,,,,,,
1257,2481.25,2482.64,1.39,我觉得十是狼,5,13,,,,,,,,,,,,,,,
1258,2482.64,2487.42,4.78,很难去敢给6号玩家反发这个金水嗯,5,13,,,,,,,,,狼,,,,,,
1259,2487.42,2490.72,3.3,所以六就会很像他的同伴,5,13,,,,,,,,,,,,,,,
1260,2490.72,2493.04,2.32,那么就很像60在打板子,5,13,,,,,,,,,,,,,,,
1261,2493.04,2494.62,1.58,那二的面就更高了,5,13,,,,,,,,,,,,,,,
1262,2494.62,2495.82,1.2,然后就投给了二,5,13,,,,,,,,,,,,,,,
1263,2495.82,2497.78,1.96,还有一个想法是投给了二,5,13,,,,,,,,,,,,,,,
1264,2497.78,2499.46,1.68,反正二应该也是要出十的嘛,5,13,,,,,,,,,,,,,,,
1265,2499.46,2500.72,1.26,投给六六也是要出十,5,13,,,,,,,,,,,,,,,
1266,2500.72,2502.25,1.53,那十在我心中又不像,5,13,,,,,,,,,,,,,,,
1267,2502.25,2504.33,2.08,那我觉得六的身份被十脏了,5,13,,,,,,,,,,,,,,,
1268,2504.33,2505.81,1.48,我就投给了2号玩家啊,5,13,,,,,,,,,,,,,,,
1269,2505.81,2508.24,2.43,这个是投票的原因嗯,5,13,,,,,,,,,,,,,,,
1270,2508.24,2509.3,1.06,警呃,5,13,,,,,,,,,,,,,,,
1271,2509.3,2510.62,1.32,加上井上会觉得,5,13,,,,,,,,,,,,,,,
1272,2510.62,2512.9,2.28,9号玩家比8号玩家更像好人一些,5,13,,,,,,,,,,,,比8号好,,,
1273,2512.9,2514.26,1.36,所以二的面也提高,5,13,,,,,,,,,,,,,,,
1274,2514.26,2516.17,1.91,然后三应该不是狼,5,13,,,,,,,,,,,,,,,
1275,2516.17,2519.13,2.96,但3号玩家说看完五七投票之后,5,13,,,,,,,,,,,,,,,
1276,2519.13,2521.13,2,他就更确定了,5,13,,,,,,像混子,,,,,,,,,
1277,2521.13,2524.56,3.43,非常像混了5号玩家和7号玩家里面的一个人,5,13,,,,,,,,,,,,,,,
1278,2524.56,2526.6,2.04,那么如果你是混了歪哥的话,5,13,,,,,,,,,,,,,,,
1279,2526.6,2528.52,1.92,你就直接跟着他走混了,5,13,,,,,,,,,,,,,,,
1280,2528.52,2529.44,0.92,我我只能告诉你,5,13,,,,,,,,,,,,,,,
1281,2529.44,2530.2,0.76,我是好人,5,13,,,,,,,,,,,,,,,
1282,2530.2,2534.09,3.89,我的站边你可以参考85%吧,5,13,,,,,,,,,,,,,,,
1283,2534.09,2535.77,1.68,因为我现在在这个位置站边,5,13,,,,,,,,,,,,,,,
1284,2535.77,2535.93,0.16,二,5,13,,,,,站边2,,,,,,,,,,
1285,2535.93,2538.09,2.16,我也只有二八十五%的自信,5,13,,,,,,,,,,,,,,,
1286,2538.09,2539.16,1.07,觉得我站对边了,5,13,,,,,,,,,,,,,,,
1287,2539.16,2540.56,1.4,可能听完后面的话,5,13,,,,,,,,,,,,,,,
1288,2540.56,2542.58,2.02,我那15%又蹦出来了,5,13,,,,,,,,,,,,,,,
1289,2542.58,2544.01,1.43,自己选择啊,5,13,,,,,,,,,,,,,,,
1290,2544.01,2546.05,2.04,然后别的就没什么了,5,13,,,,,,,,,,,,,,,
1291,2546.33,2548.25,1.92,井下就还是这些想法吧,5,13,,,,,,,,,,,,,,,
1292,2548.25,2549.01,0.76,没有什么改变,5,13,,,,,,,,,,,,,,,
1293,2549.01,2550.27,1.26,还是觉得二会像,5,13,,,,,,,,,,,,,,,
1294,2550.27,2553.01,2.74,然后可能60会像一个团队,5,13,,,,,,,,,,,,,,,
1295,2553.01,2554.27,1.26,8号玩家会像狼,5,13,,,,像狼,,,,,像狼,,像狼,,像狼,像狼,
1296,2554.27,2556.67,2.4,然后包括警下投给六的11号玩家,5,13,,,,,,,,,,,,,,,
1297,2556.67,2560.25,3.58,和井上声称自己吃毒的一号猎人,5,13,,,,,,,,,,,,,,,
1298,2560.25,2563.77,3.52,可能会觉得168十十一在位置里,5,13,,,,,,,,,,,,,,,
1299,2563.77,2565.13,1.36,如果六是预言家,5,13,,,,,,,,,,,,,,,
1300,2565.13,2566.31,1.18,那就全部改变,5,13,,,,,,,,,,,,,,,
1301,2566.31,2567.29,0.98,但暂时找不到,5,13,,,,,,,,,,,,,,,
1302,2567.29,2567.85,0.56,你好吧,5,13,,,,,,,,,,,,,,,
1303,2567.85,2569.09,1.24,你是预言家的话,5,13,,,,,,,,,,,,,,,
1304,2569.09,2570.43,1.34,我努力找找嗯,5,13,,,,,,,,,,,,,,,
1305,2570.43,2573.88,3.45,过了,5,13,,,,,,,,,,,,,,,
1306,2574.28,2575.52,1.24,你没找我呀,6,14,,,,,,,,,,,,,,,
1307,2575.52,2576.92,1.4,你哪找我了,6,14,,,,,,,,,,,,,,,
1308,2576.92,2577.8,0.88,对不对,6,14,,,,,,,,,,,,,,,
1309,2577.8,2578.84,1.04,没听到你说啥,6,14,,,,,,,,,,,,,,,
1310,2578.84,2581.49,2.65,我不像那个东西啊,6,14,,,,,,,,,,,,,,,
1311,2581.49,2583.37,1.88,你觉得十不像十不像,6,14,,,,,,,,,,,,,,,
1312,2583.37,2586.13,2.76,所以我不像那是什么逻辑,6,14,,,,,,,,,,,,,,,
1313,2586.13,2588.09,1.96,那我不当预言家了呗,6,14,,,,,,,,,,,,,,,
1314,2588.29,2588.77,0.48,对吧,6,14,,,,,,,,,,,,,,,
1315,2588.77,2590.43,1.66,因为5号家说他找不着我,6,14,,,,,,,,,,,,,,,
1316,2590.43,2592.25,1.82,那别找别找别找,6,14,,,,,,,,,,,,,,,
1317,2592.25,2593.11,0.86,有什么好找的,6,14,,,,,,,,,,,,,,,
1318,2593.11,2594.33,1.22,我不当预言家的4号玩家,6,14,,,,,,,,,,,,,,,
1319,2594.33,2595.2,0.87,别站我边了,6,14,,,,,,,,,,,,,,,
1320,2595.2,2596.52,1.32,我不搭了还不行吗,6,14,,,,,,,,,不是预言家,,,,,,
1321,2596.52,2597.24,0.72,不是没人站,6,14,,,,,,,,,,,,,,,
1322,2597.24,2599.16,1.92,我边只有11跟四站,6,14,,,,,,,,,,,,,,,
1323,2599.16,2603.88,4.72,我边我觉得就我们团队不够强大,6,14,,,,,,,,,,,,,,,
1324,2603.88,2607.2,3.32,我选择加入那边团队,6,14,,,,,,,,,,,,,,,
1325,2608.369,2609.689,1.32,能加入不2号线,6,14,,,,,,,,,,,,,,,
1326,2609.689,2611.529,1.84,你能愿意去接受接受俺的投诚,6,14,,,,,,,,,,,,,,,
1327,2611.529,2613.289,1.76,不不是,6,14,,,,,,,,,,,,,,,
1328,2613.289,2617.89,4.601,我是觉得首先啊我没退水,6,14,,,,,,,,,,,,,,,
1329,2617.89,2619.45,1.56,我觉得大家肯定也能猜得出来,6,14,,,,,,,,,,,,,,,
1330,2619.45,2620.57,1.12,为什么啊,6,14,,,,,,,,,,,,,,,
1331,2620.57,2622.29,1.72,因为我忘了没注意,6,14,,,,,,,,,,,,,,,
1332,2622.29,2623.87,1.58,这肯定能猜得出来,6,14,,,,,,,,,,,,,,,
1333,2623.87,2624.95,1.08,这肯定能猜,6,14,,,,,,,,,,,,,,,
1334,2624.95,2626.15,1.2,这猜不出来吗,6,14,,,,,,,,,,,,,,,
1335,2626.15,2626.87,0.72,对不对,6,14,,,,,,,,,,,,,,,
1336,2626.87,2629.35,2.48,这第一个第二个为什么给十发查杀,6,14,,,,,,,,,,,,,像狼,,
1337,2629.35,2631.31,1.96,那肯定觉得12像狼才发的嘛,6,14,,,,,,,,,,,,,,,
1338,2631.31,2631.75,0.44,对不对,6,14,,,,,,,,,,,,,,,
1339,2631.75,2633.83,2.08,好人怎么会给他发查杀吗,6,14,,,,,,,,,,,,,,,
1340,2633.83,2636.89,3.06,第三个二发言发的太好了,6,14,,,,,,,,,,,,,,,
1341,2636.89,2638.45,1.56,沁人心脾,6,14,,,,,发言好,,,,,,,,,,
1342,2638.45,2639.31,0.86,我天哪,6,14,,,,,,,,,,,,,,,
1343,2639.99,2643.55,3.56,然后呢主要是10号下发言的确是不太像啊,6,14,,,,,,,,,,,,像好人,,,
1344,2643.55,2643.99,0.44,不太像,6,14,,,,,,,,,,,,,,,
1345,2644.99,2648.48,3.49,然后9号家警上也挺像好人的发言,6,14,,,,,,,,,,,,,,,
1346,2649.24,2650.38,1.14,发的挺好的,6,14,,,,,,,,,,,,,,,
1347,2650.38,2651.12,0.74,就打实了点,6,14,,,,,,,,,,,,,,,
1348,2651.12,2651.64,0.52,打挺好的,6,14,,,,,,,,,,,,,,,
1349,2651.64,2654.04,2.4,但是外追的坑感觉有点张口就来,6,14,,,,,,,,,,,,,,,
1350,2654.04,2655.52,1.48,你关键你点对了,6,14,,,,,,,,,,,,,,,
1351,2655.52,2656.28,0.76,那也是蒙的呀,6,14,,,,,,,,,,,,,,,
1352,2656.28,2659.02,2.74,兄弟呃,6,14,,,,,,,,,,,,,,,
1353,2659.02,2662.85,3.83,呃然后我自己前置位听过的话,6,14,,,,,,,,,,,,,,,
1354,2662.85,2664.33,1.48,我三我没听出来,6,14,,,,,,,,,,,,,,,
1355,2664.33,2666.75,2.42,说实话三我没听出来是不是混子呢,6,14,,,,,,有可能混子,,,,,,,,,
1356,2666.75,2668.09,1.34,我觉得也有可能是吧,6,14,,,,,,,,,,,,,,,
1357,2668.09,2668.79,0.7,比如有警下,6,14,,,,,,,,,,,,,,,
1358,2668.79,2669.75,0.96,他直接站二的边,6,14,,,,,,,,,,,,,,,
1359,2669.75,2671.15,1.4,直接说五七好人,6,14,,,,,,,,,,,,,,,
1360,2671.15,2672.59,1.44,直接锤11,6,14,,,,,,,,,,,,,,,
1361,2672.59,2673.779,1.189,有可能是混子,6,14,,,,,,,,,,,,,,,
1362,2673.779,2675.059,1.28,然后4号玩家的发言呢,6,14,,,,,,,,,,,,,,,
1363,2675.059,2677.339,2.28,我觉得4号玩家发言反正是明确告诉我,6,14,,,,,,,不一定是狼,,,,,,,,
1364,2677.339,2678.299,0.96,他是想站边,6,14,,,,,,,,,,,,,,,
1365,2678.299,2680.24,1.941,五他投十啊,6,14,,,,,,,,,,,,,,,
1366,2680.24,2681,0.76,他他是这意思,6,14,,,,,,,,,,,,,,,
1367,2681,2682.96,1.96,所以四你因为我是好人嘛,6,14,,,,,,,,,,,,,,,
1368,2682.96,2684.74,1.78,四也不一定是狼,6,14,,,,,,,,,,,,,,,
1369,2684.74,2686.5,1.76,五七开不开倒钩的,6,14,,,,,,,,,,,,,,,
1370,2686.5,2688.94,2.44,如果二是那个预言家嗯,6,14,,,,,,,,,,,,,,,
1371,2688.94,2690.56,1.62,暂时来说可能不太想盘,6,14,,,,,,,,,,,,,,,
1372,2690.56,2693.13,2.57,只能说理论上存在暂时不太想盘,6,14,,,,,,,,,,,,,,,
1373,2693.13,2695.13,2,然后警上八站边十,6,14,,,,,,,,,,,10的同伴,,,,
1374,2695.13,2696.69,1.56,所以八可以是十的同伴,6,14,,,,,,,,,,,,,,,
1375,2696.69,2699.529,2.839,11给我投11,6,14,,,,,,,,,,,,,,,
1376,2699.529,2701.13,1.601,不可捉摸,6,14,,,,,,,,,,,,,,,
1377,2701.13,2702.25,1.12,可不可捉摸,6,14,,,,,,,,,,,,,,,
1378,2702.25,2703.19,0.94,我先先不捉摸,6,14,,,,,,,,,,,,,,不可捉摸,
1379,2703.19,2704.53,1.34,等会听听11发言,6,14,,,,,,,,,,,,,,,
1380,2704.53,2705.99,1.46,12警上发言,6,14,,,,,,,,,,,,,,,不能完全排水
1381,2705.99,2709.24,3.25,12跟十十二也不能百分之百排水吧,6,14,,,,,,,,,,,,,,,
1382,2709.24,2710.48,1.24,然后一号牌警上发言,6,14,,,,,,,,,,,,,,,
1383,2710.48,2713.08,2.6,我觉得反正我觉得他是开玩笑的啊,6,14,,,,,,,,,,,,,,,
1384,2713.08,2715.58,2.5,开玩笑的肯定不是什么那个什么吃醋加那的,6,14,,,,,,,,,,,,,,,
1385,2715.58,2718.819,3.239,然后我觉得非常认真的在开玩笑,6,14,,,,,,,,,,,,,,,
1386,2718.819,2720.699,1.88,所以一体牌也不排斥啊,6,14,,,,不排水,,,,,,,,,,,
1387,2720.699,2722.19,1.491,这是我的想法嗯,6,14,,,,,,,,,,,,,,,
1388,2722.19,2723.75,1.56,然后我是好人,6,14,,,,,,,,,,,,,,,
1389,2723.75,2725.23,1.48,警上诈下身份,6,14,,,,,,,,,,,,,,,
1390,2725.23,2726.63,1.4,然后退水忘退了,6,14,,,,,,,,,,,,,,,
1391,2726.63,2729.15,2.52,然后现在想站边一下2号玩家嗯,6,14,,,,,,,,,,,,,,,
1393,2735.02,2740.95,5.93,嗯井上那个2号六号十号是三个在井上的,7,15,,,,,,,,,,,,,,,
1394,2740.95,2744.709,3.759,然后嘶然后我站边是2号吧,7,15,,,,,站边2,,,,,,,,,,
1395,2744.709,2747.99,3.281,嗯然后6号不退水,7,15,,,,,,,,,,,,,,,
1396,2747.99,2752.75,4.76,那所以我觉得当时场上二六十应该是一狼,7,15,,,,,,,,,,,,,,,
1397,2752.75,2754.33,1.58,一混一呃,7,15,,,,,,,,,,,,,,,
1398,2754.33,2755.05,0.72,一个预言家,7,15,,,,,,,,,,,,,,,
1399,2755.05,2756.95,1.9,二是预言家的话,7,15,,,,,,,,,,,,,,,
1400,2757.39,2759.07,1.68,6号有没有可能是个好人,7,15,,,,,,,,,,,,,,,
1401,2759.07,2759.55,0.48,炸身份的,7,15,,,,,,,,,,,,,,,
1402,2759.55,2760.11,0.56,不太像,7,15,,,,,,,,,,,,,,,
1403,2760.11,2760.99,0.88,原因是什么呢,7,15,,,,,,,,,,,,,,,
1404,2760.99,2762.35,1.36,是6号那个位置,7,15,,,,,,,,,,,,,,,
1405,2762.35,2764.14,1.79,2号已经保过六了,7,15,,,,,,,,,,,,,,,
1406,2764.14,2765.7,1.56,6号是好人就退水了,7,15,,,,,,,,,,,,,,,
1407,2765.7,2766.9,1.2,那6号不退水,7,15,,,,,,,,,,,,,,,
1408,2766.9,2769.289,2.389,原因就是66号有可能是混子,7,15,,,,,,,,,混子,,,,,,
1409,2769.289,2770.569,1.28,但他不知道自己是狼混还是好人,7,15,,,,,,,,,,,,,,,
1410,2770.569,2770.949,0.38,混,7,15,,,,,,,,,,,,,,,
1411,2770.949,2772.409,1.46,得看看警下人投票,7,15,,,,,,,,,,,,,,,
1412,2772.409,2775.47,3.061,混到井下人猜的,7,15,,,,,,,,,,,,,,,
1413,2775.47,2779.55,4.08,但是6号我不觉我不觉得他是单纯的好人身份,7,15,,,,,,,,,,,,,,,
1414,2779.55,2782.18,2.63,所以6号有可能是混子嗯,7,15,,,,,,,,,,,,,,,
1415,2782.18,2784.54,2.36,然后所以10号如果真没2号的话,7,15,,,,,,,,,,,,,,,
1416,2784.54,2785.7,1.16,10号就是狼吗,7,15,,,,,,,,,,,,,,,
1417,2785.7,2787.16,1.46,10号是狼,7,15,,,,,,,,,,,,,狼,,
1418,2787.16,2789.79,2.63,6号是如果是混子的话,7,15,,,,,,,,,,,,,,,
1419,2789.79,2791.91,2.12,3号你警上发言,7,15,,,,,,,,,,,,,,,
1420,2791.91,2793.99,2.08,你不交边就很像狼,7,15,,,,,,像狼,,,,,,,,,
1421,2793.99,2797.64,3.65,我跟你玩过你你你既然开赛前说你2000把了,7,15,,,,,,,,,,,,,,,
1422,2797.64,2798.88,1.24,也没站对过几把,7,15,,,,,,,,,,,,,,,
1423,2798.88,2799.62,0.74,那就占呗,7,15,,,,,,,,,,,,,,,
1424,2799.62,2800.08,0.46,对不对,7,15,,,,,,,,,,,,,,,
1425,2800.08,2801.74,1.66,好不容易来一趟站呗,7,15,,,,,,,,,,,,,,,
1426,2801.74,2803.04,1.3,站错了更好,7,15,,,,,,,,,,,,,,,
1427,2803.04,2803.92,0.88,你不交边,7,15,,,,,,,,,,,,,,,
1428,2803.92,2807.11,3.19,就可能是那种拿了狼牌人找到你那种情况,7,15,,,,,,,,,,,,,,,
1429,2807.11,2809.77,2.66,然后你你警察不是说那个如沐春风狼吗,7,15,,,,,,,,,,,,,,,
1430,2809.77,2810.47,0.7,对不对,7,15,,,,,,,,,,,,,,,
1431,2810.47,2811.75,1.28,你原话说如沐春风狼,7,15,,,,,,,,,,,,,,,
1432,2811.75,2813.67,1.92,你怎么还能不知道编呢,7,15,,,,,,,,,,,,,,,
1433,2813.67,2816.17,2.5,所以你理应去占四呀,7,15,,,,,,,,,,,,,,,
1434,2816.29,2819.25,2.96,那也就是有可能警上6号跟你不见面,7,15,,,,,,,,,,,,,,,
1435,2819.25,2821.19,1.94,他发十查杀是发对了的,7,15,,,,,,,,,,,狼,,,,
1436,2821.19,2823.85,2.66,所以你当时没想好勾还是冲,7,15,,,,,,,,,,,,,,,
1437,2824.23,2825.79,1.56,那那8号也跑不了呀,7,15,,,,,,,,,,,,,,,
1438,2825.79,2829.13,3.34,8号还打二站十呢,7,15,,,,,,,,,,,,,,,
1439,2829.13,2829.61,0.48,怎么站的,7,15,,,,,,,,,,,,,,,
1440,2829.61,2832.81,3.2,18号的发言说一号猎人被毒了,7,15,,,,,,,,,,,,,,,
1441,2832.81,2834.99,2.18,那一号是这,7,15,,,,,,,,,,,,,,,
1442,2834.99,2835.83,0.84,这不能这发言,7,15,,,,,,,,,,,,,,,
1443,2835.83,2836.39,0.56,你信啊,7,15,,,,,,,,,,,,,,,
1444,2836.39,2837.19,0.8,他不可能信他,7,15,,,,,,,,,,,,,,,
1445,2837.19,2839.52,2.33,警上我都都跟听都不用听,7,15,,,,,,,,,,,,,,,
1446,2839.52,2841.2,1.68,还对话工作人员上了,7,15,,,,,,,,,,,,,,,
1447,2841.2,2841.86,0.66,我的天哪,7,15,,,,,,,,,,,,,,,
1448,2841.86,2842.48,0.62,好家伙,7,15,,,,,,,,,,,,,,,
1449,2842.48,2843.08,0.6,还供对话,7,15,,,,,,,,,,,,,,,
1450,2843.08,2844.6,1.52,工作人员给你拿后边去,7,15,,,,,,,,,,,,,,,
1451,2844.6,2847.58,2.98,现在就给他拿后边去,7,15,,,,,,,,,,,,,,,
1452,2848.58,2850.54,1.96,所以今天把4号验了不就完了吗,7,15,,,,,,,,,,,,,,,
1453,2850.54,2852.1,1.56,4号11号验一个,7,15,,,,,,,,,,,,,,,
1454,2852.1,2854.08,1.98,4号11号是站站边六的票,7,15,,,,,,,,,,,,,,,
1455,2854.08,2856.64,2.56,怎么怎么站边的六呢对吧,7,15,,,,,,,,,,,,,,,
1456,2856.64,2858.58,1.94,所以4号和11号站边六很奇怪,7,15,,,,,,,奇怪,,,,,,,奇怪,
1457,2858.58,2859.26,0.68,把四一样的,7,15,,,,,,,,,,,,,,,
1458,2859.26,2860.04,0.78,或者把11验的,7,15,,,,,,,,,,,,,,,
1459,2860.04,2863.08,3.04,因为4号那个位置警上给8号家发金水,7,15,,,,,,,,,,,,,,,
1460,2863.08,2865.24,2.16,说好听的是压跳,7,15,,,,,,,,,,,,,,,
1461,2865.24,2867.6,2.36,说不好听的有可能给自己老同伴发金水,7,15,,,,,,,,,,,,,,,
1462,2869.68,2873.22,3.54,差不多六可能是混子,7,15,,,,,,,,,,,,,,,
1463,2873.22,2876.58,3.36,然后三八十那出十呗,7,15,,,,,,,,,,,,,,,
1464,2876.58,2878.57,1.99,把4号验了,7,15,,,,,,,,,,,,,,,
1465,2878.57,2879.69,1.12,别勾了,7,15,,,,,,,,,,,,,,,
1466,2879.69,2882.89,3.2,4号拿狼就会勾呀,7,15,,,,,,,,,,,,,,,
1467,2882.89,2884.29,1.4,来点新鲜的,7,15,,,,,,,,,,,,,,,
1468,2884.29,2888.67,4.38,哎呀永远都这几套把把四验了呗,7,15,,,,,,,,,,,,,,,
1469,2888.67,2890.94,2.27,反正大概这样,7,15,,,,,,,,,,,,,,,
1470,2891.42,2892.7,1.28,其他的没了,7,15,,,,,,,,,,,,,,,
1471,2892.7,2893.94,1.24,11号如果是狼,7,15,,,,,,,,,,,,,,,
1472,2893.94,2896.08,2.14,是没分清楚谁是真冤家,7,15,,,,,,,,,,,,,,,
1473,2896.08,2897.26,1.18,以为6号是真预言家,7,15,,,,,,,,,,,,,,,
1474,2897.26,2898.62,1.36,倒钩去了,7,15,,,,,,,,,,,,,,,
1475,2899.73,2904.61,4.88,我我这个你跟你跟4号我难免标准不一样啊,7,15,,,,,,,,,,,,,,,
1476,2905.24,2906.2,0.96,这4号能站边,7,15,,,,,,,,,,,,,,,
1477,2906.2,2907.2,1,6号很奇怪啊对吧,7,15,,,,,,,,,,,,,,,
1478,2907.2,2908.96,1.76,6号发言怎么可能是预言家呢,7,15,,,,,,,,,,,,,,,
1479,2908.96,2910.16,1.2,反正就这几个位置,7,15,,,,,,,,,,,,,,,
1480,2910.16,2911.64,1.48,自那个看2号自己验吧,7,15,,,,,,,,,,,,,,,
1481,2911.64,2912.04,0.4,其他没了,7,15,,,,,,,,,,,,,,,
1482,2912.04,2914.51,2.47,我过了,7,15,,,,,,,,,,,,,,,
1483,2917.71,2919.109,1.399,我是红狼啊,8,16,,,,,,,,,,,认狼,,,,
1484,2919.669,2921.629,1.96,那个不能听七改警徽流啊,8,16,,,,,,,,,,,,,,,
1485,2921.629,2923.749,2.12,你就按照你原先的那个验啊,8,16,,,,,,,,,,,,,,,
1486,2923.749,2927.06,3.311,因为他他虽然是投票给你的,8,16,,,,,,,,,,,,,,,
1487,2927.06,2930.38,3.32,他那个警徽流他没资格改,8,16,,,,,,,,,,,,,,,
1488,2930.38,2931.84,1.46,他都没资格改,8,16,,,,,,,,,,,,,,,
1489,2931.84,2933.42,1.58,因为理论上他可以是混,8,16,,,,,,,,,,,,,,,
1490,2933.42,2934.74,1.32,只能听信自己的,8,16,,,,,,,,,,,,,,,
1491,2934.74,2936.62,1.88,这次肯定不能再乱改警徽流了,8,16,,,,,,,,,,,,,,,
1492,2936.62,2936.9,0.28,好吧,8,16,,,,,,,,,,,,,,,
1493,2936.9,2940.37,3.47,你的警徽流是吃毒猎人,8,16,,,,,,,,,,,,,,,
1494,2940.37,2942.15,1.78,我给你提醒一下好吧,8,16,,,,,,,,,,,,,,,
1495,2942.15,2943.79,1.64,哎警徽流是多少来着,8,16,,,,,,,,,,,,,,,
1496,2943.79,2946.57,2.78,你等会你自己在夜里回忆回忆吧,8,16,,,,,,,,,,,,,,,
1497,2946.57,2950.08,3.51,然后我收到我大哥的指示,8,16,,,,,,,,,,,,,,,
1498,2950.08,2951.1,1.02,我听出来了,8,16,,,,,,,,,,,,,,,
1499,2951.1,2951.78,0.68,好像是意思,8,16,,,,,,,,,,,,,,,
1500,2951.78,2953.06,1.28,感觉让我抱一下啊,8,16,,,,,,,,,,,,,,,
1501,2953.06,2954.1,1.04,我就认狼了,8,16,,,,,,,,,,,,,,,
1502,2954.1,2956.819,2.719,认狼之后给圈圈来一刀,8,16,,,,,,,,,,,,,,,
1503,2956.819,2960.619,3.8,然后你验验一下那个那个那个警下的,8,16,,,,,,,,,,,,,,,
1504,2960.619,2962.539,1.92,我们倒钩狼同伴验出来,8,16,,,,,,,,,,,,,,,
1505,2962.539,2964.819,2.28,他再你再报一下,8,16,,,,,,,,,,,,,,,
1506,2965.099,2966.179,1.08,只能这么打了,8,16,,,,,,,,,,,,,,,
1507,2966.179,2967.799,1.62,我觉得应该只能这么打了,8,16,,,,,,,,,,,,,,,
1508,2967.799,2968.899,1.1,这个格式出来,8,16,,,,,,,,,,,,,,,
1509,2968.899,2969.859,0.96,我觉得非常完美,8,16,,,,,,,,,,,,,,,
1510,2969.859,2970.299,0.44,非常完美,8,16,,,,,,,,,,,,,,,
1511,2970.299,2972.579,2.28,兄弟你很牛逼,8,16,,,,,,,,,,,,,,,
1512,2973.46,2974.14,0.68,进了几个,8,16,,,,,,,,,,,,,,,
1513,2974.14,2975.54,1.4,我帮你洗,8,16,,,,,,,,,,,,,,,
1514,2977,2979.32,2.32,点了四个位置全对,8,16,,,,,,,,,,,,,,,
1515,2979.32,2982.85,3.53,兄弟全对没了呀,8,16,,,,,,,,,,,,,,,
1516,2982.85,2983.97,1.12,然后我是红狼啊,8,16,,,,,,,,,,,,,,,
1517,2983.97,2986.05,2.08,然后圈圈等会你先验一下,8,16,,,,,,,,,,,,,,,
1518,2986.05,2987.47,1.42,跟我一起走吧好吧,8,16,,,,,,,,,,,,,,,
1519,2987.47,2991.629,4.159,我过了自爆,8,16,,,,,,,,,,,,,,,
,,,,自爆,0,17,,,,,,,,,,,1,,,,
,,,,第二夜,0,17,,,,,,,,,,,,,,,
,,,,混人、刀人、救人、毒人，验人、开枪状态信息,0,17,,,,,吃刀，验5金水,刀2,,,,,,,吃毒，刀2,刀2,毒10
1598,3177.64,3180.32,2.68,死亡信息,0,17,,,,,1,,,,,,,,1,,
1599,3180.32,3181.34,1.02,警徽移交,0,17,,,,,,,,1,,,,,,,
,,,,第二夜信息结束,0,,,,,,,,,,,,,,,,
1606,3204.1,3205.46,1.36,七说三是狼,4,18,,,,,,,,,,,,,,,
1607,3205.46,3206.32,0.86,我是好人,4,18,,,,,,,,,,,,,,,
1608,3206.32,3207.3,0.98,我是好人,4,18,,,,,,,,,,,,,,,
1609,3207.3,3209.8,2.5,我的心路历程都给你们讲的很清楚了,4,18,,,,,,,,,,,,,,,
1610,3209.8,3210.62,0.82,你看八自爆,4,18,,,,,,,,,,,,,,,
1611,3210.62,3213.13,2.51,我的好人面是不是很高对吧,4,18,,,,,,,,,,,,,,,
1612,3213.13,3214.79,1.66,我是去压八的跳的吧,4,18,,,,,,,,,,,,,,,
1613,3214.79,3216.98,2.19,那你是干啥的,4,18,,,,,,,,,,,,,,,
1614,3218.36,3222.2,3.84,哦那么长的夜间这么简单吗,4,18,,,,,,,,,,,,,,,
1615,3222.839,3225.119,2.28,总感觉哪里不是很简单啊,4,18,,,,,,,,,,,,,,,
1616,3225.119,3228.33,3.211,总感觉哪里不是很简单嗯,4,18,,,,,,,,,,,,,,,
1617,3228.33,3231.25,2.92,虽然就就是二速算倒在夜里,4,18,,,,,,,,,,,,,,,
1618,3231.25,3234.37,3.12,我也没有一定能觉得6号七号是两个好人吧,4,18,,,,,,,,,不一定是好人,不一定是好人,,,,,
1619,3234.66,3236.78,2.12,嗯场上好人还挺多的嘛,4,18,,,,,,,,,,,,,,,
1620,3236.78,3237.38,0.6,5号是好人,4,18,,,,,,,,好人,,,,好人,,,
1621,3237.38,3239.1,1.72,9号是好人呃,4,18,,,,,,,跳愚者,,,,,,,,
1622,3239.1,3239.7,0.6,那我拍了把,4,18,,,,,,,,,,,,,,,
1623,3239.7,3241.87,2.17,我是愚者啊愚者,4,18,,,,,,,,,,,,,,,
1624,3241.87,3243.23,1.36,然后其他就没了嗯,4,18,,,,,,,,,,,,,,,
1625,3243.23,3244.23,1,七打你是狼啊,4,18,,,,,,,,,,,,,,,
1626,3244.23,3247.01,2.78,你你自己表水跟七那还一下,4,18,,,,,,,,,,,,,,,
1627,3247.01,3249.65,2.64,反正这轮跟我也没太大关系啊,4,18,,,,,,,,,,,,,,,
1628,3249.65,3250.89,1.24,因为毕竟是起了操作的,4,18,,,,,,,,,,,,,,,
1629,3250.89,3253.33,2.44,所以我就拍下升本啊,4,18,,,,,,,,,,,,,,,
1630,3253.33,3255.53,2.2,11号是投票给六的,4,18,,,,,,,,,,,,,,,
1631,3255.53,3257.89,2.36,那假如说六是好人,4,18,,,,,,,,,,,,,,,
1632,3258.29,3262.11,3.82,井上对刚的就是10号和2号投给六,4,18,,,,,,,,,,,,,,,
1633,3262.11,3263.53,1.42,其实是比较奇怪的吧,4,18,,,,,,,,,,,,,,,
1634,3263.53,3266.34,2.81,然后听一下11聊嗯,4,18,,,,,,,,,,,,,,关注,
1635,3266.34,3267.18,0.84,其他没了,4,18,,,,,,,,,,,,,,,
1636,3267.18,3268.08,0.9,就这样吧,4,18,,,,,,,,,,,,,,,
1637,3268.08,3270.62,2.54,我其实也没觉得你是吃毒猎人,4,18,,,,,,,,,,,,,,,
1638,3270.62,3270.94,0.32,我觉得,4,18,,,,,,,,,,,,,,,
1639,3270.94,3272.66,1.72,但是你我觉得你有可能是女巫,4,18,,,,有可能是女巫,,,,,,,,,,,
1640,3272.66,3274.45,1.79,所以我当时就是这么想的,4,18,,,,,,,,,,,,,,,
1641,3274.45,3275.65,1.2,谁没事干了,4,18,,,,,,,,,,,,,,,
1642,3275.65,3278.419,2.769,一号已经好几周都没见过了,4,18,,,,,,,,,,,,,,,
1643,3278.419,3279.419,1,这刚回来碰他,4,18,,,,,,,,,,,,,,,
1644,3279.419,3280.179,0.76,给他一瓶毒子,4,18,,,,,,,,,,,,,,,
1645,3280.179,3280.539,0.36,不可能,4,18,,,,,,,,,,,,,,,
1646,3280.539,3282.119,1.58,我环顾了一下四周,4,18,,,,,,,,,,,,,,,
1647,3282.119,3283.459,1.34,那只能是七尺到了,4,18,,,,,,,,,,,,,,,
1648,3283.459,3285.34,1.881,我当时是这么想的,4,18,,,,,,,,,,,,,,,
1649,3285.34,3285.74,0.4,呃,4,18,,,,,,,,,,,,,,,
1650,3285.74,3286.58,0.84,其他没了好吧,4,18,,,,,,,,,,,,,,,
1651,3286.58,3289.54,2.96,请听下一号12号和11号的发言吧,4,18,,,,,,,,,,,,,,,关注
1652,3289.54,3293.77,4.23,过了,4,18,,,,,,,,,,,,,,,
1653,3293.77,3295.53,1.76,我是愚者牌,3,19,,,,,,跳愚者,,,,,,,,,
1654,3295.53,3298.03,2.5,他4号牌他是一张狼人牌,3,19,,,,,,,,,,,,,,,
1655,3298.03,3300.92,2.89,你首先为什么我是愚者四,3,19,,,,,,,,,,,,,,,
1656,3300.92,3302.04,1.12,为什么不是呢,3,19,,,,,,,,,,,,,,,
1657,3302.04,3304.84,2.8,你想想他是一张愚者牌,3,19,,,,,,,,,,,,,,,
1658,3304.84,3306,1.16,他起身起身,3,19,,,,,,,,,,,,,,,
1659,3306,3307.89,1.89,他跳他来抢警徽,3,19,,,,,,,,,,,,,,,
1660,3307.89,3309.13,1.24,他说他压跳,3,19,,,,,,,,,,,,,,,
1661,3309.13,3312.09,2.96,我感觉不是应该是让一给抓到了,3,19,,,,,,,,,,,,,,,
1662,3312.09,3313.95,1.86,所以他这个位置退掉了水,3,19,,,,,,,,,,,,,,,
1663,3313.95,3316.839,2.889,他现在还想来要掉我的身份,3,19,,,,,,,,,,,,,,,
1664,3316.839,3318.059,1.22,因为七打我,3,19,,,,,,,,,,,,,,,
1665,3318.059,3319.899,1.84,他这个位置起来说哎呦,3,19,,,,,,,,,,,,,,,
1666,3319.899,3321.459,1.56,七刚才打你了啊,3,19,,,,,,,,,,,,,,,
1667,3321.459,3323.64,2.181,你你那个什么你怎么怎么地,3,19,,,,,,,,,,,,,,,
1668,3323.64,3324.88,1.24,他是一张狼人牌,3,19,,,,,,,,,,,,,,,
1669,3324.88,3328.43,3.55,而且他刚才也说夜间很信息很长,3,19,,,,,,,,,,,,,,,
1670,3328.43,3329.53,1.1,夜间信息很长,3,19,,,,,,,,,,,,,,,
1671,3329.53,3332.37,2.84,这种事情肯定不可能是王王正刚干出来的,3,19,,,,,,,狼,,,,,,,,
1672,3332.37,3333.07,0.7,对不对啊,3,19,,,,,,,,,,,,,,,
1673,3333.07,3334.13,1.06,王成刚如果干出来,3,19,,,,,,,,,,,,,,,
1674,3334.13,3335.29,1.16,夜间可能会这么长吗,3,19,,,,,,,,,,,,,,,
1675,3335.29,3336.21,0.92,跟谁开会啊,3,19,,,,,,,,,,,,,,,
1676,3336.21,3338.69,2.48,那这种可能只能是他夜间开会,3,19,,,,,,,,,,,,,,,
1677,3338.69,3340.57,1.88,他指挥这个人干这个事儿,3,19,,,,,,,,,,,,,,,
1678,3340.57,3341.95,1.38,指挥那个人干完那个事儿,3,19,,,,,,,,,,,,,,,
1679,3341.95,3343.61,1.66,完了他说我晚上我跳个白,3,19,,,,,,,,,,,,,,,
1680,3343.61,3345.6,1.99,我给你们找人找一张白神出来,3,19,,,,,,,,,,,,,,,
1681,3345.6,3348.28,2.68,所以他经历应该是这一天一一晚上的,3,19,,,,,,,,,,,,,,,
1682,3348.28,3350.12,1.84,这个工作应该是这个样子的,3,19,,,,,,,,,,,,,,,
1683,3350.12,3351.56,1.44,我是这个白神呢,3,19,,,,,,,,,,,,,,,
1684,3351.56,3353.8,2.24,今天就是三四的局吧,3,19,,,,,,,,,,,,,,,
1685,3353.8,3355.67,1.87,今天我自己是白神,3,19,,,,,,,,,,,,,,,
1686,3355.67,3357.71,2.04,就出他出四出四啊,3,19,,,,,,,,,,,,,,,
1687,3357.71,3358.35,0.64,我是好人,3,19,,,,,,,,,,,,,,,
1688,3358.35,3358.91,0.56,我过了啊,3,19,,,,,,,,,,,,,,,
1689,3358.91,3362.78,3.87,出四出4号,3,19,,,,,,,,,,,,,,,
1690,3363.32,3368.48,5.16,咳感谢京城大师赛最美女嘉宾之一圈圈的头饰,1,20,,,,,,,,,,,,,,,
1691,3368.48,3369.78,1.3,感谢哆啦B梦,1,20,,,,,,,,,,,,,,,
1692,3369.78,3372.09,2.31,感谢嘤嘤怪嗯,1,20,,,,,,,,,,,,,,,
1693,3372.09,3373.55,1.46,哇前置位这么焦灼,1,20,,,,,,,,,,,,,,,
1694,3373.55,3375.57,2.02,两个愚者要把三投了呗,1,20,,,,,,投3,,,,,,,,,
1695,3375.57,3377.63,2.06,看看你是不是愚者,1,20,,,,,,,,,,,,,,,
1696,3377.63,3381.69,4.06,我看过几局那个关于王志刚老师的切片,1,20,,,,,,,,,,,,,,,
1697,3381.69,3384.11,2.42,他每次说我最讨厌倒钩狼的时候,1,20,,,,,,,,,,,,,,,
1698,3384.11,3386.34,2.23,他一般都是倒钩狼哈,1,20,,,,,,,,,,,,,,,
1699,3386.34,3389.28,2.94,啊算是一个为数不多的技巧吧,1,20,,,,,,,,,,,,,,,
1700,3389.28,3392.36,3.08,嗯遇到过几次呃,1,20,,,,,,,,,,,,,,,
1701,3392.84,3394.8,1.96,三四里面两个鱼,1,20,,,,,,,,,,,,,,,
1702,3394.8,3396.76,1.96,那就投一个3号呗,1,20,,,,,,,,,,,,,,,
1703,3396.76,3400.75,3.99,我觉得相对来说3号更像狼人吧,1,20,,,,,,像狼,,,,,,,,,
1704,3400.75,3402.15,1.4,发言状态对比4号,1,20,,,,,,,,,,,,,,,
1705,3402.15,3403.55,1.4,因为4号跳了你的身份,1,20,,,,,,,,,,,,,,,
1706,3403.55,3404.95,1.4,在你的眼里面,1,20,,,,,,,,,,,,,,,
1707,3404.95,3407.99,3.04,你不用说他什么通过什么来判断什么,1,20,,,,,,,,,,,,,,,
1708,3407.99,3409.45,1.46,什么什么就跳你身份了,1,20,,,,,,,,,,,,,,,
1709,3409.45,3411.73,2.28,我觉得你是有很多话要说的,1,20,,,,,,,,,,,,,,,
1710,3411.73,3414.45,2.72,你也是有很多东西可以讲的,1,20,,,,,,,,,,,,,,,
1711,3414.45,3417.15,2.7,你也有很多东西可以去展现的,1,20,,,,,,,,,,,,,,,
1712,3417.15,3418.819,1.669,但是你草草了事,1,20,,,,,,,,,,,,,,,
1713,3418.819,3422.099,3.28,感觉有点像没有准备好,1,20,,,,,,,,,,,,,,,
1714,3422.099,3426.18,4.081,咳嗯然后那没什么坑了呀,1,20,,,,,,,,,,,,,,,
1715,3426.18,3429.48,3.3,就就就就很紧张了,1,20,,,,,,,,,,,,,,,
1716,3429.48,3431.67,2.19,我是一张好人牌,1,20,,,,,,,,,,,,,,,
1717,3431.99,3434.43,2.44,我确实不是女巫啊,1,20,,,,不是女巫,,,,,,,,,,,
1718,3434.43,3435.45,1.02,确实不是女巫,1,20,,,,是猎人,,,,,,,,,,,
1719,3435.45,3436.63,1.18,我是猎人,1,20,,,,,,,,,,,,,,,
1720,3436.63,3438.68,2.05,我手势看错了,1,20,,,,,,,,,,,,,,,
1721,3438.68,3440.78,2.1,因为当时我是这么躺着的,1,20,,,,,,,,,,,,,,,
1722,3440.78,3441.76,0.98,这么躺着的,1,20,,,,,,,,,,,,,,,
1723,3441.76,3443.06,1.3,我一睁眼的时候,1,20,,,,,,,,,,,,,,,
1724,3443.06,3445.08,2.02,辉少的手是这样比着的,1,20,,,,,,,,,,,,,,,
1725,3445.08,3446,0.92,但是我可能看错了,1,20,,,,,,,,,,,,,,,
1726,3446,3447.5,1.5,我看成倒着的了,1,20,,,,,,,,,,,,,,,
1727,3447.5,3448.98,1.48,哎呀可恶,1,20,,,,,,,,,,,,,,,
1728,3448.98,3450.22,1.24,怪自己好吧,1,20,,,,,,,,,,,,,,,
1729,3450.22,3453.06,2.84,怪自己看花了就聊聊呗,1,20,,,,,,,,,,,,,,,
1730,3453.06,3455.63,2.57,11号为什么投给6号好吧,1,20,,,,,,,,,,,,,,听发言,
1731,3455.63,3456.39,0.76,没什么了,1,20,,,,,,,,,,,,,,,
1732,3456.39,3459.21,2.82,我觉得坑就是31再没有太多了吧,1,20,,,,,,,,,,,,,,,
1733,3459.21,3460.57,1.36,12也聊一聊,1,20,,,,,,,,,,,,,,,
1734,3460.57,3462.93,2.36,你有可能是那个女巫子,1,20,,,,,,,,,,,,,,,
1735,3462.93,3463.69,0.76,不知道,1,20,,,,,,,,,,,,,,,
1736,3463.69,3465.51,1.82,因为我觉得读十太平庸了,1,20,,,,,,,,,,,,,,,
1737,3465.51,3467.29,1.78,不太像是七能毒的事,1,20,,,,,,,,,,,,,,,
1738,3467.29,3469.33,2.04,有点像求稳的,1,20,,,,,,,,,,,,,,,
1739,3469.33,3472.899,3.569,你过了,1,20,,,,,,,,,,,,,,,
1740,3472.899,3474.139,1.24,他是求稳的,12,21,,,,,,,,,,,,,,,
1741,3474.139,3475.339,1.2,我应该是亚毒呀,12,21,,,,,,,,,,,,,,,
1742,3475.339,3477.039,1.7,所以我这把并没有求稳,12,21,,,,,,,,,,,,,,,
1743,3477.039,3478.379,1.34,是直接把10号毒了,12,21,,,,,,银水,,,,,,,,,毒10
1744,3478.379,3478.899,0.52,你知道吧,12,21,,,,,,,,,,,,,,,
1745,3478.899,3479.98,1.081,很不求稳了,12,21,,,,,,,,,,,,,,,
1746,3479.98,3481.62,1.64,求稳的话是一首平庸的,12,21,,,,,,,,,,,,,,,
1747,3481.62,3483.38,1.76,让2号一个人安详的出去了,12,21,,,,,,,,,,,,,,,
1748,3483.38,3486.57,3.19,是不是3号是银水,12,21,,,,,,,,,,,,,,,
1749,3489.01,3490.17,1.16,你真是猎人吗,12,21,,,,,,,,,,,,,,,
1750,3490.17,3493.23,3.06,求大你真是猎人吗,12,21,,,,,,,,,,,,,,,
1751,3493.23,3494.49,1.26,那你是什么呀,12,21,,,,,,,,,,,,,,,
1752,3494.49,3496.07,1.58,狗狗你作为金水牌,12,21,,,,,,,,,,,,,,,
1753,3496.07,3496.93,0.86,你是什么,12,21,,,,,,,,,,,,,,,
1754,3496.93,3499.529,2.599,其实我觉得11号都有点像好人,12,21,,,,,,,,,,,,,,像好人,
1755,3500.249,3501.329,1.08,但是啥呀,12,21,,,,,,,,,,,,,,,
1756,3501.329,3503.609,2.28,我觉得8号如果见不着10号的话,12,21,,,,,,,,,,,,,,,
1757,3503.609,3504.249,0.64,他不会自爆,12,21,,,,,,,,,,,,,,,
1758,3504.249,3506.329,2.08,我就觉得就让10号直接投了就投了呗,12,21,,,,,,,,,,,,,,,
1759,3506.329,3506.95,0.621,对吧,12,21,,,,,,,,,,,,,,,
1760,3506.95,3507.99,1.04,因为后面人,12,21,,,,,,,,,,,,,,,
1761,3507.99,3510.07,2.08,其实我们这也没有什么太多的意见和,12,21,,,,,,,,,,,,,,,
1762,3510.07,3511.47,1.4,给前面大家也没结票嘛,12,21,,,,,,,,,,,,,,,
1763,3511.47,3515.71,4.24,是不是嗯我是投4号,12,21,,,,,,,投4,,,,,,,,
1764,3515.71,3516.93,1.22,因为我救的3号嘛,12,21,,,,,,,,,,,,,,,
1765,3516.93,3518.87,1.94,然后我要在想他是不是一个混子,12,21,,,,,,,,,,,,,,,
1766,3518.87,3520.7,1.83,是不是他是混子混的谁呢,12,21,,,,,,,,,,,,,,,
1767,3520.7,3522.62,1.92,混的8号八号自爆了,12,21,,,,,,,,,,,,,,,
1768,3522.62,3523.98,1.36,那他也要判断你的身份,12,21,,,,,,,,,,,,,,,
1769,3523.98,3525.62,1.64,所以我觉得三对我来说也不是混子,12,21,,,,,,,,,,,,,,,
1770,3525.62,3527.08,1.46,他要不是个自刀的狼,12,21,,,,,,自刀狼或白神,,,,,,,,,
1771,3527.08,3528.72,1.64,要不是一个白神牌,12,21,,,,,,不像狼,,,,,,,,,
1772,3528.72,3530.9,2.18,然后他是自刀的狼的话,12,21,,,,,,,,,,,,,,,
1773,3531.22,3532.42,1.2,他聊天又说什么,12,21,,,,,,,,,,,,,,,
1774,3532.42,3533.02,0.6,夜间那么长,12,21,,,,,,,,,,,,,,,
1775,3533.02,3533.9,0.88,肯定第一个排除他,12,21,,,,,,,,,,,,,,,
1776,3533.9,3534.46,0.56,王振刚,12,21,,,,,,,,,,,,,,,
1777,3534.46,3535.84,1.38,我又觉得他又不像狼,12,21,,,,,,,,,,,,,,,
1778,3535.84,3540.35,4.51,所以3号四号的区分我是判断4号是悍跳啊,12,21,,,,,,,像狼,,,,,,,,
1779,3540.63,3542.65,2.02,仇大聊天有点像混子了,12,21,,,,像混子,,,,,,,,,,,
1780,3542.65,3544.27,1.62,井上说我饮水是混子,12,21,,,,,,,,,,,,,,,
1781,3545.35,3547.77,2.42,警下说自己是猎人,12,21,,,,,,,,,,,,,,,
1782,3548.25,3549.93,1.68,我的天哪,12,21,,,,,,,,,,,,,,,
1783,3549.93,3551.13,1.2,那我踩谁呢,12,21,,,,,,,,,,,,,,,
1784,3551.13,3552.65,1.52,11号好像也不能进保,12,21,,,,,,,,,,,,,,,
1785,3552.65,3555.11,2.46,会不会是4号六号,12,21,,,,狼,,,狼,,狼,,,,狼,,
1786,3555.11,3556.73,1.62,10号一号是混子这样的,12,21,,,,,,,,,,,,,,,
1787,3556.73,3558.63,1.9,然后8号是自爆的吗,12,21,,,,,,,,,,,,,,听发言,
1788,3558.63,3559.85,1.22,有什么观点,12,21,,,,,,,,,,,,,,,
1789,3559.85,3561.99,2.14,因为我救的是3号,12,21,,,,,,,,,,,,,,,
1790,3562.27,3564.71,2.44,刚来第一天就哎,12,21,,,,,,,,,,,,,,,
1791,3564.71,3567.19,2.48,你刚来会不会自己杀自己一刀啊,12,21,,,,,,,,,,,,,,,
1792,3567.19,3568.31,1.12,但不像啊,12,21,,,,,,,,,,,,,,,
1793,3568.31,3570.22,1.91,听他聊天真不像啊,12,21,,,,,,,,,,,,,,,
1794,3570.62,3571.7,1.08,听11聊天呗,12,21,,,,,,,,,,,,,,,
1795,3571.7,3572.98,1.28,反正3号四号里面我告诉你们,12,21,,,,,,,,,,,,,,,
1796,3572.98,3574.51,1.53,3号是银水牌,12,21,,,,,,,,,,,,,,,
1797,3574.51,3575.95,1.44,就像峰哥在聊天,12,21,,,,,,,,,,,,,,,
1798,3575.95,3576.43,0.48,聊到一半,12,21,,,,,,,,,,,,,,,
1799,3576.43,3577.43,1,他聊的开头的时候,12,21,,,,,,,,,,,,,,,
1800,3577.43,3579.39,1.96,我就觉得你要跳跳白神牌了,12,21,,,,,,,,,,,,,,,
1801,3579.39,3582.96,3.57,你知道不还是还是还是一如既往的还在,12,21,,,,,,,,,,,,,,,
1802,3582.96,3585.69,2.73,我是白神牌还行,12,21,,,,,,,,,,,,,,,
1803,3586.17,3588.05,1.88,首先要看一下后面有没有人跳猎人,12,21,,,,,,,,,,,,,,,
1804,3588.05,3592.93,4.88,我觉得球大这次的发言嗯跟我想的有点出入,12,21,,,,,,,,,,,,,,,
1805,3592.93,3595.47,2.54,比如说警上给三就是个混子的身份,12,21,,,,,,,,,,,,,,,
1806,3595.47,3596.75,1.28,我听三警上发言,12,21,,,,,,,,,,,,,,,
1807,3596.75,3598.29,1.54,虽然我知道他是救起来的,12,21,,,,,,,,,,,,,,,
1808,3598.29,3601.84,3.55,但是我没法给他是混的还是什么的身份,12,21,,,,,,,,,,,,,,,
1809,3601.84,3603.16,1.32,因为他没表露信息吗,12,21,,,,,,,,,,,,,,,
1810,3603.16,3605.75,2.59,而且前面2463个人跳过预言家,12,21,,,,,,,,,,,,,,,
1811,3605.99,3607.35,1.36,那就这样呗,12,21,,,,,,,,,,,,,,,
1812,3607.35,3609.55,2.2,我是觉得4号是悍跳的,12,21,,,,,,,,,,,,,,,
1813,3609.55,3611.55,2,3号不是个自刀的狼或者混子,12,21,,,,,,,,,,,,,,,
1814,3611.55,3614.07,2.52,我觉得毒掉的10号是红狼,12,21,,,,,,,,,,,,,,,
1815,3614.07,3615.55,1.48,不是混子啊,12,21,,,,,,,,,,,,,,,
1816,3615.55,3616.51,0.96,哦我是女巫牌,12,21,,,,,,,,,,,,,,,
1817,3616.51,3619.33,2.82,三饮水过,12,21,,,,,,,,,,,,,,,
1818,3619.33,3622.1,2.77,嗯嗯呃我是女巫牌,11,22,,,,,,,,,,,,,,,
1819,3622.1,3623.64,1.54,但是银水不是3号,11,22,,,,,,,,,,,,,,跳女巫,
1820,3623.64,3624.81,1.17,银水是6号,11,22,,,,,,,,,6银水,,,,,,
1821,3624.81,3627.01,2.2,然后上一轮为什么投给6号,11,22,,,,,,,,,,,,,,,
1822,3627.01,3628.57,1.56,是因为我觉得10号是一张定狼牌,11,22,,,,,,,,,,,,,毒十,,
1823,3628.57,3629.52,0.95,他被我毒了,11,22,,,,,,,,,,,,,,,
1824,3629.52,3631.48,1.96,因为他的聊天其实前面都聊了,11,22,,,,,,,,,,,,,,,
1825,3631.48,3633.82,2.34,就他说他有没有考虑不起跳的事情,11,22,,,,,,,,,,,,,,,
1826,3633.82,3634.44,0.62,对不对,11,22,,,,,,,,,,,,,,,
1827,3634.44,3636.6,2.16,如果说他是个预言家,11,22,,,,,,,,,,,,,,,
1828,3636.6,3638.2,1.6,他验了6号是金水,11,22,,,,,,,,,,,,,,,
1829,3638.2,3639.82,1.62,6号给他发查杀,11,22,,,,,,,,,,,,,,,
1830,3639.82,3641.7,1.88,那么在他眼里6号是个狼混,11,22,,,,,,,,,,,,,,,
1831,3641.7,3642.56,0.86,那他是预言家,11,22,,,,,,,,,,,,,,,
1832,3642.56,3644.04,1.48,怎么可能考虑不起跳呢,11,22,,,,,,,,,,,,,,,
1833,3644.04,3645.12,1.08,他如果不起跳,11,22,,,,,,,,,,,,,,,
1834,3645.12,3646.52,1.4,6号给他发查杀,11,22,,,,,,,,,,,,,,,
1835,3646.52,3647.12,0.6,6号是狼混,11,22,,,,,,,,,,,,,,,
1836,3647.12,3648.02,0.9,那他出局了,11,22,,,,,,,,,,,,,,,
1837,3648.02,3649.72,1.7,他如果呃不起跳,11,22,,,,,,,,,,,,,,,
1838,3649.72,3650.8,1.08,6号最后退水,11,22,,,,,,,,,,,,,,,
1839,3650.8,3652.54,1.74,那么狼人当上了预言家,11,22,,,,,,,,,,,,,,,
1840,3652.54,3653.56,1.02,他也出局了,11,22,,,,,,,,,,,,,,,
1841,3653.56,3655.92,2.36,所以10号聊这个点就让我觉得他一定是个狼,11,22,,,,,,,,,,,,,狼,,
1842,3655.92,3656.98,1.06,且6号早在夜里,11,22,,,,,,,,,,,,,,,
1843,3656.98,3657.62,0.64,他是我的银水,11,22,,,,,,,,,,,,,,,
1844,3657.62,3659.21,1.59,我有点稍微有点英雄情,11,22,,,,,,,,,,,,,,,
1845,3659.21,3660.21,1,我觉得KS不会自刀,11,22,,,,,,,,,,,,,,,
1846,3660.21,3662.29,2.08,所以6号跳了预言家给12发查杀,11,22,,,,,,,,,,,,,,,
1847,3662.29,3663.09,0.8,我觉得他真预言家,11,22,,,,,,,,,,,,,,,
1848,3663.09,3664.47,1.38,所以把一票点给六,11,22,,,,,,,,,,,,,,,
1849,3664.47,3666.45,1.98,但12号这个起跳呃,11,22,,,,,,,像白神,,,,,,,,
1850,3666.45,3669.05,2.6,我觉得3号四号里面白神像4号吧,11,22,,,,,,,,,,,,,,,
1851,3669.05,3671.79,2.74,因为12号起跳给3号发了一张银水牌,11,22,,,,,,狼,,,,,狼,,狼,,狼
1852,3671.79,3673.41,1.62,然后保3号要出4号,11,22,,,,,,,,,,狼,,,,,
1853,3673.41,3674.21,0.8,在我视角里,11,22,,,,,,,,,,,,,,,
1854,3674.21,3676.11,1.9,12号是跟我对跳的女巫,11,22,,,,,,,,,,,,,,,
1855,3676.11,3678.85,2.74,所以我觉得3号12号是两个狼,11,22,,,,,,,,,,,,,,,
1856,3679.05,3681.57,2.52,8号十号八号十号十号是不是有毒,11,22,,,,,,,,,,,,,,,
1857,3681.57,3682.53,0.96,我觉得10号是聊爆的狼,11,22,,,,,,,,,,,,,,,
1858,3682.53,3683.41,0.88,8号自爆的狼,11,22,,,,,,,,,,,,,,,
1859,3683.41,3686.59,3.18,但是我不知道3号12里面谁会出一个混子牌,11,22,,,,,,,,,,,,,,,
1860,3686.59,3687.75,1.16,因为我觉得7号是狼,11,22,,,,,,,,,,,,,,,
1861,3687.75,3689.83,2.08,因为警下5号是2号金水,11,22,,,,,,,,,,,,,,,
1862,3689.83,3690.92,1.09,我自己上女巫,11,22,,,,,,,,,,,,,,,
1863,3690.92,3693.1,2.18,然后且上轮7号聊了一个点,11,22,,,,,,,,,,,,,,,
1864,3693.1,3696.28,3.18,他说3号可能是一张狼牌,11,22,,,,,,,,,,,,,,,
1865,3696.28,3698.96,2.68,他是一张没有找到预言家的牌,11,22,,,,,,,,,,,,,,,
1866,3698.96,3699.78,0.82,在他视角里,11,22,,,,,,,,,,,,,,,
1867,3699.78,3704.42,4.64,他说6号给10号发了张查杀对吧,11,22,,,,,,,,,,,,,,,
1868,3705.06,3706.96,1.9,在3号眼里是白牌,11,22,,,,,,,,,,,,,,,
1869,3706.96,3709.06,2.1,给一张狼队友发查杀,11,22,,,,,,,,,,,,,,,
1870,3709.06,3710.1,1.04,他没分清边,11,22,,,,,,,,,,,,,,,
1871,3710.1,3713.979,3.879,然后4号给8号发了张金水,11,22,,,,,,,,,,,,,,,
1872,3713.979,3717.179,3.2,这样视角里可能8号是那个狼,11,22,,,,,,,,,,,,,,,
1873,3717.179,3718.219,1.04,4号给他发个金水,11,22,,,,,,,,,,,,,,,
1874,3718.219,3720.47,2.251,他觉得4号可能是好人,11,22,,,,,,,,,,,,,,,
1875,3720.47,3722.13,1.66,所以他没分清别人谁是预言家,11,22,,,,,,,,,,,,,,,
1876,3722.13,3725.8,3.67,但是最后7号说你一号2号可以去验下4号,11,22,,,,,,,,,,,,,,,
1877,3725.8,3727.8,2,因为在7号的上一个逻辑里面,11,22,,,,,,,,,,,,,,,
1878,3727.8,3729.68,1.88,他其实已经把4号认好人了,11,22,,,,,,,,,,,,,,,
1879,3729.68,3731.46,1.78,是白牌给狼队发了金水,11,22,,,,,,,,,,,,,,,
1880,3731.46,3732.92,1.46,所以3号才会站不对边,11,22,,,,,,,,,,,,,,,
1881,3732.92,3735.14,2.22,但最后警徽流说让他去验4号,11,22,,,,,,,,,,,,,,,
1882,3735.14,3736.5,1.36,所以我觉得4号是那个白神,11,22,,,,,,,,,,,,,,,
1883,3736.5,3737.32,0.82,3号是那个狼,11,22,,,,,,狼,,,,,,,,,
1884,3737.32,3741.27,3.95,7号跟12号里面应该会出混子,11,22,,,,,,,,,,,,,,,
1885,3741.27,3742.46,1.19,然后我是女巫,11,22,,,,,,,,,,,,,,,
1886,3742.46,3744.02,1.56,然后8号十号是两张,11,22,,,,,,,,,,,,,,,
1887,3744.02,3744.7,0.68,10号是被有毒的,11,22,,,,,,,,,,,,,,,
1888,3744.7,3746.22,1.52,我觉得10号不像是混子,11,22,,,,,,,,,,,,,,,
1889,3746.22,3747.34,1.12,10号像聊爆,11,22,,,,,,,,,,,,,,,
1890,3747.34,3749.43,2.09,OK我是女巫牌,11,22,,,,,,,,,,,,,,,
1891,3749.43,3752.35,2.92,然后白神我觉得4号我会出3号,11,22,,,,,,,,,,,,,,,
1892,3752.35,3753.63,1.28,然后我觉得7号不太好,11,22,,,,,,,,,,不好,,,,,
1893,3753.63,3755.899,2.269,然后6号是银水,11,22,,,,,,,,,,,,,,,
1894,3756.099,3757.659,1.56,然后还有一点投给6号,11,22,,,,,,,,,,,,,,,
1895,3757.659,3759.419,1.76,是因为9号起来打呃,11,22,,,,,,,,,,,,,,,
1896,3759.419,3762.57,3.151,一八十十一是四个狼,11,22,,,,,,,,,,,,,,,
1897,3762.57,3765.41,2.84,然后我觉得一号那个发言就纯开玩笑,11,22,,,,,,,,,,,,,,,
1898,3765.41,3766.25,0.84,然后我自己是个好人,11,22,,,,,,,,,,,,,,,
1899,3766.25,3767.01,0.76,你把我打成狼坑,11,22,,,,,,,,,,,,,,,
1900,3767.01,3768.21,1.2,你又是他金水是我,11,22,,,,,,,,,,,,,,,
1901,3768.21,3769.45,1.24,然后且6号是我的银水,11,22,,,,,,,,,,,,,,,
1902,3769.45,3770.25,0.8,我就投给六,11,22,,,,,,,,,,,,,,,
1903,3770.25,3770.89,0.64,其他没什么,11,22,,,,,,,,,,,,,,,
1904,3770.89,3771.76,0.87,我是女巫牌,11,22,,,,,,,,,,,,,,,
1905,3771.76,3773.6,1.84,过了,11,22,,,,,,,,,,,,,,,
1920,3797.73,3799.09,1.36,感谢一直往前走,9,23,,,,,,,,,,,,,,,
1921,3799.09,3800.39,1.3,感谢,9,23,,,,,,,,,,,,,,,
1922,3803.34,3805.86,2.52,诶哦感谢勾勾天天开心,9,23,,,,,,,,,,,,,,,
1923,3805.86,3807.94,2.08,感谢贺同,9,23,,,,,,,,,,,,,,,
1924,3809.12,3810.38,1.26,我想一想啊,9,23,,,,,,,,,,,,,,,
1925,3810.38,3814.36,3.98,哎我的我的思绪啊被一遍一遍又一遍的推翻了,9,23,,,,,,,,,,,,,,,
1926,3814.36,3816.63,2.27,这怎么十一十二就对跳起来了,9,23,,,,,,,,,,,,,,,
1927,3816.91,3817.91,1,我刚才本来脑子里,9,23,,,,,,,,,,,,,,,
1928,3817.91,3819.35,1.44,其实盘了个比较极限的东西啊,9,23,,,,,,,,,,,,,,,
1929,3819.35,3822.399,3.049,就有没有可能十是那个混血儿,9,23,,,,,,,,,,,,,,,
1930,3822.399,3823.939,1.54,比如六是那个红狼,9,23,,,,,,,,,,,,,,,
1931,3823.939,3825.239,1.3,因为六你毕竟没有放手嘛,9,23,,,,,,,,,,,,,,,
1932,3825.239,3826.159,0.92,你毕竟没有放手,9,23,,,,,,,,,,,,,,,
1933,3826.159,3827.759,1.6,就比如说你前置位,9,23,,,,,,,,,,,,,,,
1934,3827.759,3829.319,1.56,你抿到10号玩家有可能是混血儿,9,23,,,,,,,,,,,,,,,
1935,3829.319,3831.31,1.991,你给混血儿发一张查杀,9,23,,,,,,,,,,,,,,,
1936,3831.31,3832.93,1.62,你给混血儿发张查杀,9,23,,,,,,,,,,,,,,,
1937,3832.93,3834.21,1.28,然后呢这样的话,9,23,,,,,,,,,,,,,,,
1938,3834.21,3835.81,1.6,但是我觉得如果这么格式的话,9,23,,,,,,,,,,,,,,,
1939,3835.81,3837.13,1.32,昨天他们应该是屠民吧,9,23,,,,,,,,,,,,,,,
1940,3837.13,3838.93,1.8,如果要是毒女巫一定会读混血儿,9,23,,,,,,,,,,,,,,,
1941,3838.93,3839.73,0.8,读10号的话,9,23,,,,,,,,,,,,,,,
1942,3839.73,3841.3,1.57,应该是图名吧,9,23,,,,,,,,,,,,,,,
1943,3841.3,3842.54,1.24,8号也自爆了吗,9,23,,,,,,,,,,,,,,,
1944,3843.82,3846.05,2.23,嗯所以我可能就再再想想,9,23,,,,,,,,,,,,,,,
1945,3846.05,3846.77,0.72,再研究研究呗,9,23,,,,,,,,,,,,,,,
1946,3846.77,3848.49,1.72,因为当时我脑子里如果判断出来,9,23,,,,,,,,,,,,,,,
1947,3848.49,3851.5,3.01,假如说6号玩家他他底牌是一张呃,9,23,,,,,,,,,,,,,,,
1948,3851.5,3852.28,0.78,红狼的话,9,23,,,,,,,,,,,,,,,
1949,3852.28,3854.25,1.97,那是反推10号玩家是混血二,9,23,,,,,,,,,,,,,,,
1950,3854.25,3856.17,1.92,那7号玩家就肯定不做好了嘛,9,23,,,,,,,,,,,,,,,
1951,3856.17,3858.29,2.12,因为7号玩家是说10号玩家是红狼,9,23,,,,,,,,,,,,,,,
1952,3858.29,3859.97,1.68,6号玩家不好的那道格格式,9,23,,,,,,,,,,,,,,,
1953,3859.97,3861.17,1.2,可能就像是6号七号,9,23,,,,,,,,,,,,,,,
1954,3861.17,3863.4,2.23,8号是三张是红狼,9,23,,,,,,,,,,,,,,,
1955,3863.4,3864.52,1.12,然后比如说外置开,9,23,,,,,,,,,,,,,,,
1956,3864.52,3865.8,1.28,但是现在坑坑爆了呀,9,23,,,,,,,,,,,,,,,
1957,3865.8,3867,1.2,三四里面是必产一个,9,23,,,,,,,,,,,,,狼,,
1958,3867,3868.24,1.24,十一十二里面必产一个,9,23,,,,,,,,,,,,,,,
1959,3868.24,3869.46,1.22,所以这个坑不合理,9,23,,,,,,,,,,,,,,,
1960,3869.46,3871.59,2.13,所以10号玩家只能当他是红狼处理,9,23,,,,,,,,,,,,,,,
1961,3871.59,3872.95,1.36,我当时明确已经说了,9,23,,,,,,,,,,,,,,,
1962,3872.95,3874.95,2,我说为什么十我觉得11比较像狼,9,23,,,,,,,,,,,,,,,
1963,3874.95,3875.67,0.72,我盲踩11,9,23,,,,,,,,,,,,,,,
1964,3875.67,3876.19,0.52,我说了呀,9,23,,,,,,,,,,,,,,,
1965,3876.19,3877.16,0.97,因为10号玩家,9,23,,,,,,,,,,,,,,,
1966,3877.16,3879.18,2.02,如果当时我以10号线是红狼的视角,9,23,,,,,,,,,,,,,,,
1967,3879.18,3880.32,1.14,警下一共三张牌,9,23,,,,,,,,,,,,,,,
1968,3880.32,3882.549,2.229,他对着泰德11号玩家说什么,9,23,,,,,,,,,,,,,,,
1969,3882.549,3884.709,2.16,开局之前我们说我们是三个背锅位,9,23,,,,,,,,,,,,,,,
1970,3884.709,3886.909,2.2,所以如果你要是好人把票投给我,9,23,,,,,,,,,,,,,,,
1971,3886.909,3888.149,1.24,那不是骗感很重吗,9,23,,,,,,,,,,,,,,,
1972,3888.149,3889.509,1.36,所以我才视角会进警下的,9,23,,,,,,,,,,,,,,,
1973,3889.509,3892.51,3.001,11号玩家说的比较清楚了,9,23,,,,,,,,,,,,,,,
1974,3892.51,3894.17,1.66,那5号线现在没他坑了,9,23,,,,,,,,,,,,,,,
1975,3894.17,3896.15,1.98,就听5号就莫追尾呗,9,23,,,,,,,,,,,,,,,
1976,3896.15,3899.87,3.72,然后我研究一下哦,9,23,,,,,,,,,,,,,,,
1977,3900.52,3903.12,2.6,我觉得态度你说你投给六的那个去那个,9,23,,,,,,,,,,,,,,,
1978,3903.12,3906.03,2.91,我觉得不是很能理解吧,9,23,,,,,,,,,,,,,,,
1979,3906.03,3907.43,1.4,我我不是很能听懂,9,23,,,,,,,,,,,,,,听不懂,
1980,3907.43,3910.23,2.8,你当时去投给6号玩家的逻辑包,9,23,,,,,,,,,,,,,,,
1981,3910.23,3912.95,2.72,包括这一轮我也没有说特别听得懂,9,23,,,,,,,,,,,,,,,
1982,3913.39,3914.79,1.4,所以我看看啊,9,23,,,,,,,,,,,,,,,
1983,3914.79,3916.43,1.64,如果哎很简单嘛,9,23,,,,,,,,,,,,,,,
1984,3916.43,3918.17,1.74,要不然就是3号11号,9,23,,,,,,狼,,,,,狼,,狼,狼,
1985,3918.17,3920.39,2.22,8号十号三八十十一啊,9,23,,,,,,,,,,,,,,,
1986,3920.39,3923.549,3.159,不是3号八号十号11号为四张,9,23,,,,,,,,,,,,,,,
1987,3923.549,3925.249,1.7,4号玩家为真白神,9,23,,,,,,,,,,,,,,,
1988,3925.249,3926.689,1.44,12号为真女巫,9,23,,,,,,,,,,,,,,,
1989,3926.689,3927.809,1.12,要不然就反推嘛,9,23,,,,,,,,,,,,,,,
1990,3928.929,3930.49,1.561,要不然就反过来嘛,9,23,,,,,,,,,,,,,,,
1991,3930.49,3932.17,1.68,嗯就是目前为止的话,9,23,,,,,,,,,,,,,,,
1992,3932.17,3935.05,2.88,我可能会觉得泰德的票型比较肥,9,23,,,,,,,,,,,,,,,
1993,3935.05,3937.51,2.46,然后刚子我觉得如果你是好人的话,9,23,,,,,,,,,,,,,,,
1994,3937.51,3939.37,1.86,前置位有个人刚跳完你的身份,9,23,,,,,,,,,,,,,,,
1995,3939.37,3941.75,2.38,你可能会可能会状态更高一点吧,9,23,,,,,,,,,,,,,,,
1996,3941.75,3944.55,2.8,但我觉得你这这轮的状态稍显低沉,9,23,,,,,,,,,,,,,,,
1997,3944.55,3946.299,1.749,不太符合你啊,9,23,,,,,,,,,,,,,,,
1998,3946.299,3947.739,1.44,所以可能目前为止的话,9,23,,,,,,,,,,,,,,,
1999,3947.739,3949.619,1.88,我会觉得31这组比较像假的吧,9,23,,,,,,,,,,,,,,,
2000,3950.619,3954.1,3.481,没了你听听莫志伟的发言呗,9,23,,,,,,,,,,,,,,,
2001,3954.1,3955.82,1.72,因为我觉得6号玩家确实不放手,9,23,,,,,,,,,,,,,,,
2002,3955.82,3956.94,1.12,你说你忘了放手,9,23,,,,,,,,,,,,,,,
2003,3956.94,3958.28,1.34,这太夸张了,9,23,,,,,,,,,,,,,,,
2004,3958.28,3959.7,1.42,你那么聪明机智的一个人,9,23,,,,,,,,,,,,,,,
2005,3959.7,3960.65,0.95,你能忘了,9,23,,,,,,,,,,,,,,,
2006,3960.65,3963.19,2.54,所以不太像不太像纯种的好人,9,23,,,,,,,,,,,,,,,
2007,3963.19,3965.61,2.42,嗯我过了,9,23,,,,,,,,,,,,,,,
2009,3966.27,3972.04,5.77,134里面三四里面四是愚者,7,24,,,,,,,,,,,,,,,
2010,3972.04,3972.98,0.94,三是狼,7,24,,,,,,,,,,,,,,,
2011,3972.98,3974.96,1.98,然后,7,24,,,,,,狼,愚者,,,,,,,,
2012,3975.96,3978.04,2.08,然后认三是愚者的话,7,24,,,,,,,,,,,,,,,
2013,3978.04,3979.4,1.36,只能四七是狼嘛,7,24,,,,,,,,,,,,,,,
2014,3979.4,3981.24,1.84,对吧嗯,7,24,,,,,,,,,,,,,,,
2015,3981.24,3983.18,1.94,先出三这个位置,7,24,,,,,,,,,,,,,,,
2016,3983.18,3984.66,1.48,3号跳愚者没有你,7,24,,,,,,,,,,,,,,,
2017,3984.66,3986.18,1.52,你没有11号跳好,7,24,,,,,,,,,,,,,,,
2018,3986.18,3989.48,3.3,就因为11号跳愚者的话可能更能抗推四,7,24,,,,,,,,,,,,,,,
2019,3989.48,3992.6,3.12,你跳愚者的话可能就不太好抗推四了,7,24,,,,,,,,,,,,,,,
2020,3992.6,3994.17,1.57,所以今天要出三,7,24,,,,,,,,,,,,,,,
2021,3995.85,3997.63,1.78,然后怎么打呢,7,24,,,,,,,,,,,,,,,
2022,3997.63,3998.97,1.34,你会把四砍了,7,24,,,,,,,,,,,,,,,
2023,3998.97,4000.13,1.16,你出了三把四卡,7,24,,,,,,,,,,,,,,,
2024,4000.13,4001.15,1.02,明天想推12,7,24,,,,,,,,,,,,,,,
2025,4001.15,4003.93,2.78,因为12号要出四,7,24,,,,,,,,,,,,,,,
2026,4003.93,4005.45,1.52,也没毛病,7,24,,,,,,,,,,,,,,,
2027,4005.45,4006.33,0.88,看吧,7,24,,,,,,,,,,,,,,,
2028,4006.33,4007.29,0.96,看10号今投谁吧,7,24,,,,,,,,,,,,,,,
2029,4007.29,4008.73,1.44,明天我们十一十二里面再分吧,7,24,,,,,,,,,,,,,,,
2030,4008.73,4011.79,3.06,今天三四里面可能3号四,7,24,,,,,,,,,,,,,,,
2031,4011.79,4013.79,2,我上一轮都认为4号有可能是狼的,7,24,,,,,,,,,,,,,,,
2032,4013.79,4014.95,1.16,那三和四里面分,7,24,,,,,,,,,,,,,,,
2033,4014.95,4018.05,3.1,那我肯定暂且认为4号是愚者吧,7,24,,,,,,,,,,,,,,,
2034,4018.05,4018.75,0.7,4号是愚者,7,24,,,,,,,,,,,,,,,
2035,4018.75,4019.39,0.64,3号就是狼,7,24,,,,,,,,,,,,,,,
2036,4019.39,4020.355,0.965,3号是狼,7,24,,,,,,,,,,,,,,,
2037,4020.42,4024.26,3.84,十一十二再开一个对对,7,24,,,,,,,,,,,,,,,
2038,4025.64,4027.84,2.2,你就出三不就完了吗,7,24,,,,,,,,,,,,,,,
2039,4027.84,4029.4,1.56,一号说出三还那哎呀,7,24,,,,,,,,,,,,,,,
2040,4029.4,4031.36,1.96,这那这那这那的你真够逗的,7,24,,,,,,,,,,,,,,,
2041,4031.36,4032.24,0.88,你好家伙,7,24,,,,,,,,,,,,,,,
2042,4032.24,4033.91,1.67,那不还5号拿警徽了吗,7,24,,,,,,,,,,,,,,,
2043,4033.91,4034.99,1.08,没位置了,7,24,,,,,,,,,,,,,,,
2044,4034.99,4036.57,1.58,十一十二里面开最后一狼,7,24,,,,,,,,,,,,,,狼,
2045,4036.57,4038.75,2.18,十一十二里面开最后一狼可能是11吧,7,24,,,,,,,,,,,,,,,
2046,4038.75,4041.63,2.88,因为你你发现你的队友把你该做的工作给做了,7,24,,,,,,,,,,,,,,,
2047,4041.63,4042.65,1.02,你没事干了,7,24,,,,,,,,,,,,,,,
2048,4042.65,4045.17,2.52,而且4号到他确实不应该跳吗,7,24,,,,,,,,,,,,,,,
2049,4045.17,4046.93,1.76,他一跳3号出局之后,7,24,,,,,,,,,,,,,,,
2050,4046.93,4048.13,1.2,你得想办法抗推神,7,24,,,,,,,,,,,,,,,
2051,4048.13,4048.73,0.6,你才能赢,7,24,,,,,,,,,,,,,,,
2052,4048.73,4049.81,1.08,所所以你没办法,7,24,,,,,,,,,,,,,,,
2053,4049.81,4051.53,1.72,你那块他那块又不能跳愚者了,7,24,,,,,,,,,,,,,,,
2054,4051.53,4052.75,1.22,他就只能跳个女巫,7,24,,,,,,,,,,,,,,,
2055,4052.75,4055.43,2.68,因为你感觉你前面那哥们儿不不太聪明,7,24,,,,,,,,,,,,,,,
2056,4055.43,4056.29,0.86,没太分队,7,24,,,,,,,,,,,,,,,
2057,4056.29,4057.71,1.42,三和四机会来了,7,24,,,,,,,,,,,,,,,
2058,4057.71,4058.99,1.28,没跳的一点毛病,7,24,,,,,,,,,,,,,,,
2059,4058.99,4061.779,2.789,没有饮水发的啧,7,24,,,,,,,,,,,,,,,
2060,4061.779,4064.439,2.66,差点意思发你银水可能差点意思吧,7,24,,,,,,,,,,,,,,,
2061,4065.719,4066.399,0.68,先出三呗,7,24,,,,,,,,,,,,,,,
2062,4066.399,4068.03,1.631,明天啊,7,24,,,,,,,,,,,,,,,
2063,4068.03,4069.75,1.72,但是如果今天12号投4号,7,24,,,,,,,,,,,,,,,
2064,4069.75,4071.05,1.3,明天就你就走,7,24,,,,,,,,,,,,,,,
2065,4071.05,4072.03,0.98,你就走,7,24,,,,,,,,,,,,,,,
2066,4072.03,4073.92,1.89,12号嗯,7,24,,,,,,,,,,,,,,,
2067,4073.92,4076.82,2.9,明天就直接把10号投了就完了没了,7,24,,,,,,,,,,,,,,,
2068,4076.82,4079.38,2.56,我暂时我我也有可能错啊,7,24,,,,,,,,,,,,,,,
2069,4079.38,4079.82,0.44,三四连,7,24,,,,,,,,,,,,,,,
2070,4079.82,4083.45,3.63,我认为4号是不是我是听一号说三像狼的,7,24,,,,,,,,,,,,,,,
2071,4083.45,4084.95,1.5,我才兔子三啊,7,24,,,,,,,,,,,,,,,
2072,4084.95,4089.27,4.32,我我觉得一哇一号01号玩家起死回生,7,24,,,,,,,,,,,,,,,
2073,4089.27,4090.43,1.16,大猎人要出三,7,24,,,,,,,,,,,,,,,
2074,4090.43,4091.63,1.2,你们这叭叭什么东西,7,24,,,,,,,,,,,,,,,
2075,4091.63,4093.81,2.18,叭叭叭叭跟你们有什么关系,7,24,,,,,,,,,,,,,,,
2076,4093.81,4097.5,3.69,投三我过了,7,24,,,,,,,,,,,,,,,
2077,4097.5,4100.959,3.459,哎好好爽啊,6,25,,,,,,,,,,,,,,,
2078,4100.959,4101.839,0.88,家人们你们都不懂,6,25,,,,,,,,,,,,,,,
2079,4101.839,4102.919,1.08,就是拿到这张牌,6,25,,,,,,,,,,,,,,,
2080,4102.919,4103.519,0.6,你知道吧,6,25,,,,,,,,,,,,,,,
2081,4103.519,4104.578,1.059,给七混,6,25,,,,,,,,,跳混子，混七,,,,,,
2082,4104.578,4105.439,0.861,然后就坐这了,6,25,,,,,,,,,,,,,,,
2083,4105.439,4106.078,0.639,哇好爽,6,25,,,,,,,,,,,,,,,
2084,4106.078,4106.439,0.361,你知道吧,6,25,,,,,,,,,,,,,,,
2085,4106.439,4107.319,0.88,啥都不用干,6,25,,,,,,,,,,,,,,,
2086,4107.319,4107.679,0.36,你知道吗,6,25,,,,,,,,,,,,,,,
2087,4107.679,4111.948,4.269,真的那躺着这呃,6,25,,,,,,,,,,,,,,,
2088,4111.948,4115.389,3.441,首先我跟电视机前和手机前的家人们说一下啊,6,25,,,,,,,,,,,,,,,
2089,4115.389,4119.859,4.47,这个人的确有时候可以是出生在罗马的,6,25,,,,,,,,,,,,,,,
2090,4119.859,4121.88,2.021,也可以出生在一个普通的一个小村庄,6,25,,,,,,,,,,,,,,,
2091,4121.88,4122.84,0.96,我本地游戏呢,6,25,,,,,,,,,,,,,,,
2092,4122.84,4124.359,1.519,我夜里想来想去呢,6,25,,,,,,,,,,,,,,,
2093,4124.359,4126.219,1.86,我选择出生在罗马啊,6,25,,,,,,,,,,,,,,,
2094,4126.219,4128.339,2.12,我比的478呃,6,25,,,,,,,,,,,,,,,
2095,4128.339,4130.059,1.72,想想峰哥啊,6,25,,,,,,,,,,,,,,,
2096,4130.059,4131.679,1.62,峰哥有可能直接自爆就出去了,6,25,,,,,,,,,,,,,,,
2097,4131.679,4133.559,1.88,呃其实对我来说也挺好的,6,25,,,,,,,,,,,,,,,
2098,4133.559,4134.519,0.96,然后又想混八,6,25,,,,,,,,,,,,,,,
2099,4134.519,4136.33,1.811,想想混了八呃,6,25,,,,,,,,,,,,,,,
2100,4136.33,4137.569,1.239,就算觉得他像狼,6,25,,,,,,,,,,,,,,,
2101,4137.569,4138.41,0.841,也不一定能找得到,6,25,,,,,,,,,,,,,,,
2102,4138.41,4140.569,2.159,别人也不知道他有时候出个快充的呃,6,25,,,,,,,,,,,,,,,
2103,4140.569,4143.059,2.49,混七尤其会很多时候第一把会在警下,6,25,,,,,,,,,,,,,,,
2104,4143.059,4144.819,1.76,他的警下一般是不勾的,6,25,,,,,,,,,,,,,,,
2105,4144.819,4145.259,0.44,混,6,25,,,,,,,,,,,,,,,
2106,4145.259,4148.34,3.081,你混你的能空混吗,6,25,,,,,,,,,,,,,,,
2107,4148.34,4151.14,2.8,这板子哦,6,25,,,,,,,,,,,,,,,
2108,4151.14,4153.26,2.12,不知道没没没没意识过,6,25,,,,,,,,,,,,,,,
2109,4153.26,4154.08,0.82,好爽啊,6,25,,,,,,,,,,,,,,,
2110,4154.08,4154.52,0.44,你知道吧,6,25,,,,,,,,,,,,,,,
2111,4154.52,4158.599,4.079,就是感觉就是感觉身后有很多力量很庞大,6,25,,,,,,,,,,,,,,,
2112,4158.599,4159.339,0.74,啥都不用干,6,25,,,,,,,,,,,,,,,
2113,4159.339,4160.819,1.48,马上就要赢了,6,25,,,,,,,,,,,,,,,
2114,4161.8,4163.12,1.32,那我去底下聊,6,25,,,,,,,,,,,,,,,
2115,4163.12,4164.08,0.96,峰哥像好人,6,25,,,,,,,,,,,,,,,
2116,4164.08,4165.08,1,峰哥是好人哈,6,25,,,,,,,,,,,,,,,
2117,4165.08,4166.24,1.16,峰哥沾边,6,25,,,,,,,,,,,,,,,
2118,4166.24,4168.5,2.26,我只是因为就是我发言发的好,6,25,,,,,,,,,,,,,,,
2119,4168.5,4169.52,1.02,我也能理解,6,25,,,,,,,,,,,,,,,
2120,4169.52,4170.38,0.86,也没毛病,6,25,,,,,,,,,,,,,,,
2121,4170.38,4172.34,1.96,其实那也就投一下3号玩家呗,6,25,,,,,,投3,,,,,,,,,
2122,4172.34,4173.549,1.209,你看3号玩家都升,6,25,,,,,,,,,,,,,,,
2123,4173.549,4174.469,0.92,没事儿没事儿,6,25,,,,,,,,,,,,,,,
2124,4174.469,4177.109,2.64,正常的正常的正常的正常的,6,25,,,,,,,,,,,,,,,
2125,4177.109,4177.709,0.6,对对对,6,25,,,,,,,,,,,,,,,
2126,4177.709,4178.649,0.94,就投一下三吧,6,25,,,,,,,,,,,,,,,
2127,4178.649,4179.589,0.94,反正我跟他混一下,6,25,,,,,,,,,,,,,,,
2128,4179.589,4180.889,1.3,我就31顺着投呗,6,25,,,,,,,,,,,,,,,
2129,4180.889,4185.43,4.541,嘿呀过了,6,25,,,,,,,,,,,,,,,
2130,4186.698,4188.099,1.401,我是觉得谁跳都行,5,26,,,,,,,,,,,,,,,
2131,4188.099,4190.618,2.519,但是你们不能两个人都跳身份,5,26,,,,,,,,,,,,,,,
2132,4190.618,4192.259,1.641,因为你俩都跳身份,5,26,,,,,,,,,,,,,,,
2133,4192.259,4196.18,3.921,六七这个位置就变成了一个好人和一个坏人了,5,26,,,,,,,,,,,,,,,
2134,4196.18,4198.82,2.64,你们一个跳身份说六是狼七是混,5,26,,,,,,,,,,,,,,,
2135,4198.82,4201.17,2.35,就还能打对我,5,26,,,,,,,,,,,,,,,
2136,4201.17,4203.29,2.12,因为我当时3号玩家跳完之后,5,26,,,,,,,,,,,,,,,
2137,4203.29,4203.97,0.68,我在想嘛,5,26,,,,,,,,,,,,,,,
2138,4203.97,4205.37,1.4,我说还有一套方案,5,26,,,,,,,,,,,,,,,
2139,4205.37,4207.59,2.22,就是三四里面出一个,5,26,,,,,,,,,,,,,,,
2140,4207.59,4208.45,0.86,然后你是那个狼,5,26,,,,,,,,,,,,,,,
2141,4208.45,4209.88,1.43,7号玩家是那个混,5,26,,,,,,,,,,,,,,,
2142,4209.88,4213.16,3.28,但是当你跳完12的身份的时候就崩了,5,26,,,,,,,,,,,,,,,
2143,4213.16,4214.78,1.62,因为你们狼坑炸了嗯,5,26,,,,,,,,,,,,,,,
2144,4214.78,4215.64,0.86,所以就没了,5,26,,,,,,,,,,,,,,,
2145,4215.64,4217.92,2.28,那就出三再出11吧,5,26,,,,,,投3,,,,,,,,投11,
